<?xml version="1.0" encoding="UTF-8" standalone="yes"?>
<article>
    <author>EMILY SHAPIRO Aaron Katersky Josh Margolin Mike Levine</author>
    <hyperlink href="http://abcnews.go.com/topics/news/us/federal-bureau-of-investigation.htm">
        <end>600</end>
        <start>597</start>
    </hyperlink>
    <hyperlink href="http://abcnews.go.com/topics/news/us/bill-de-blasio.htm">
        <end>663</end>
        <start>654</start>
    </hyperlink>
    <hyperlink href="https://twitter.com/TerriRestaurant/status/777604010018742272?ref_src=twsrc%5Etfw">
        <end>0</end>
        <start>0</start>
    </hyperlink>
    <hyperlink href="http://abcnews.go.com/topics/news/iraq/improvised-explosive-device.htm">
        <end>5784</end>
        <start>5757</start>
    </hyperlink>
    <hyperlink href="http://abcnews.go.com/topics/news/world/united-nations.htm">
        <end>6549</end>
        <start>6535</start>
    </hyperlink>
    <mainText>Ahmad Khan Rahami, earlier named a person of interest in the weekend explosions in New York City and New Jersey, has been charged with five counts of attempted murder of a law enforcement officer. He is also charged with second-degree unlawful possession of a weapon and second-degree possession of a weapon for an unlawful purpose. Rahami was taken into custody and hospitalized this morning after a shootout with police in Linden, New Jersey, the Union County acting prosecutor said today. He has been "directly linked" to the devices used in the New York and New Jersey explosions on Saturday, FBI official Bill Sweeney said. New York City Mayor Bill de Blasio said this afternoon there is "every reason to believe this was an act of terror." But there is "no indication that there is a cell operating in the area or in the city," Sweeney said, adding that "the investigation is ongoing." "We will continue to conduct investigative activity to ensure we completely understand Rahami's social network," Sweeney said. "For that reason, I do not plan to answer specific questions about our techniques, or our knowledge of the devices." Rahami was taken into custody in Linden, about 4 miles south of Elizabeth, after being injured in the altercation, during which a responding officer was shot in his bulletproof vest and second officer was injured.   Rahami was taken to a hospital in Newark, where he is undergoing surgery, said Grace Park, the Union County acting prosecutor. The extent of his injuries was not immediately clear. The confrontation happened at about 10:30 a.m., when an owner of a Linden bar reported that someone was sleeping in a hallway of his establishment, Linden Mayor Derek Armstead told ABC New York station WABC. The bar owner, Harry Bains, told ABC station WABC in an exclusive interview that "it was my gut reaction" to call the police. Armstead said, "One of our police officers went to investigate and to wake him up and realized that he was [Rahami], the suspect that had been being sought in the bombings." "He realized it was the suspect, and within moments, the suspect fired on him," Armstead said. "And thank God that he had his vest on. And I think that was very helpful for him. I think that saved his life."   President Barack Obama said this afternoon that he spoke on the phone with the officers who apprehended Rahami. "They are going to be fine, they sustained some modest injuries but ones that they’ll rapidly recover from," Obama said. "They were in good spirits and I communicated to them of how appreciative the American people are." A source briefed on the investigation said agents are searching for other people they want to talk to and that the investigation is not over. An alert sent shortly before 8 a.m. today said police were seeking a man in connection with the Saturday night bombing in Manhattan's Chelsea neighborhood -- identified by authorities as Rahami, 28. He is believed to be the man seen in surveillance video at both the scene of the explosion on West 23rd Street and on West 27th Street, where the unexploded device was found, a police source said.   His last known address was in Elizabeth, New Jersey. The address of a home searched by FBI agents in Elizabeth this morning is linked to a person with a similar name. Rahami is a U.S. citizen of Afghan descent.         Sources said authorities believe the three bombs -- one exploding in an oceanfront town on the New Jersey shore, one in Manhattan and another in Elizabeth, a town bordering Newark International Airport, just beyond New York City's borders -- are related. Sweeney said today the explosion in Elizabeth is still under investigation.   The explosions did not cause any fatalities, but the Chelsea explosion injured 29 people. The incident have put residents, police and other security personnel on high alert. De Blasio, on "Good Morning America" today, praised the NYPD's response to the threat and said the department has "the largest anti-terror force of any police force in the country." The latest incident was Sunday night in Elizabeth, about 15 miles southwest of the Chelsea neighborhood in Manhattan. Police recovered five possible homemade pipe bombs in a backpack, and one device exploded early today as a police robot attempted to disarm it. The FBI's Newark office tweeted that its bomb technicians had responded to the scene, along with investigators from Union County and the State Police of New Jersey. No one was injured.   The Manhattan blast took place on West 23rd Street around 8:30 p.m. Saturday and injured 29 people. All the injured have been released from hospitals, Mayor de Blasio said.    New York Gov. Andrew Cuomo told reporters Sunday night there was no evidence of international involvement. But he said today he considers the explosion an act of terrorism. "I believe it was an act of terrorism," he said. "I believe you set off a bomb and you try to set off a second bomb, that is an appearance of trying to intimidate New Yorkers." He added, "Yesterday there was no hint of any connection to foreigner terrorism." "No group had taken accountability. No group had put out a statement. It was very early in the investigation. It still is early. But there may very well turn out to be a link to foreign terrorist organizations," he said. "We will find that out today or in the coming days."     New Jersey Sen. Bob Menendez called the incidents "clearly an act of terrorism." In the search after the Chelsea explosion, officials found a possible second device on 27th Street, said James O'Neill, the city's police commissioner. The second device, described as a pressure cooker, was removed and did not explode. The first incident of the weekend was Saturday morning, when an apparent improvised explosive device was set off in Seaside Park, New Jersey, a beach town about 90 miles south of New York City. The device went off along the route of a planned 5K charity race to benefit U.S. Marines and sailors. Because of delays with the start of the run, the explosion occurred before many people were nearby.   Officials announced late Sunday night the detention of up to five individuals in connection with Saturday night's explosion in Chelsea. No charges were made, and the individuals are no longer in custody, the FBI's Sweeney said today. "I'm not going to discuss what they could face in the potential future," he said. As the investigations continue, officials in New York City are preparing to host heads of government from around the world at the annual United Nations General Assembly this week in Manhattan. President Obama is among the speakers. ABC News' J.J. Gallagher and Michael Edison Hayden contributed to this report.</mainText>
    <orientation>mainstream</orientation>
    <paragraph>
        <end>332</end>
        <start>0</start>
    </paragraph>
    <paragraph>
        <end>745</end>
        <start>333</start>
    </paragraph>
    <paragraph>
        <end>891</end>
        <start>746</start>
    </paragraph>
    <paragraph>
        <end>1135</end>
        <start>892</start>
    </paragraph>
    <paragraph>
        <end>1349</end>
        <start>1136</start>
    </paragraph>
    <paragraph>
        <end>1350</end>
        <start>1350</start>
    </paragraph>
    <paragraph>
        <end>1351</end>
        <start>1351</start>
    </paragraph>
    <paragraph>
        <end>1532</end>
        <start>1352</start>
    </paragraph>
    <paragraph>
        <end>1740</end>
        <start>1533</start>
    </paragraph>
    <paragraph>
        <end>1866</end>
        <start>1741</start>
    </paragraph>
    <paragraph>
        <end>2040</end>
        <start>1867</start>
    </paragraph>
    <paragraph>
        <end>2248</end>
        <start>2041</start>
    </paragraph>
    <paragraph>
        <end>2249</end>
        <start>2249</start>
    </paragraph>
    <paragraph>
        <end>2250</end>
        <start>2250</start>
    </paragraph>
    <paragraph>
        <end>2362</end>
        <start>2251</start>
    </paragraph>
    <paragraph>
        <end>2583</end>
        <start>2363</start>
    </paragraph>
    <paragraph>
        <end>2725</end>
        <start>2584</start>
    </paragraph>
    <paragraph>
        <end>3121</end>
        <start>2726</start>
    </paragraph>
    <paragraph>
        <end>3122</end>
        <start>3122</start>
    </paragraph>
    <paragraph>
        <end>3123</end>
        <start>3123</start>
    </paragraph>
    <paragraph>
        <end>3334</end>
        <start>3124</start>
    </paragraph>
    <paragraph>
        <end>3335</end>
        <start>3335</start>
    </paragraph>
    <paragraph>
        <end>3336</end>
        <start>3336</start>
    </paragraph>
    <paragraph>
        <end>3337</end>
        <start>3337</start>
    </paragraph>
    <paragraph>
        <end>3338</end>
        <start>3338</start>
    </paragraph>
    <paragraph>
        <end>3339</end>
        <start>3339</start>
    </paragraph>
    <paragraph>
        <end>3340</end>
        <start>3340</start>
    </paragraph>
    <paragraph>
        <end>3341</end>
        <start>3341</start>
    </paragraph>
    <paragraph>
        <end>3342</end>
        <start>3342</start>
    </paragraph>
    <paragraph>
        <end>3597</end>
        <start>3343</start>
    </paragraph>
    <paragraph>
        <end>3673</end>
        <start>3598</start>
    </paragraph>
    <paragraph>
        <end>3674</end>
        <start>3674</start>
    </paragraph>
    <paragraph>
        <end>3675</end>
        <start>3675</start>
    </paragraph>
    <paragraph>
        <end>3765</end>
        <start>3676</start>
    </paragraph>
    <paragraph>
        <end>4031</end>
        <start>3766</start>
    </paragraph>
    <paragraph>
        <end>4478</end>
        <start>4032</start>
    </paragraph>
    <paragraph>
        <end>4479</end>
        <start>4479</start>
    </paragraph>
    <paragraph>
        <end>4480</end>
        <start>4480</start>
    </paragraph>
    <paragraph>
        <end>4653</end>
        <start>4481</start>
    </paragraph>
    <paragraph>
        <end>4654</end>
        <start>4654</start>
    </paragraph>
    <paragraph>
        <end>4655</end>
        <start>4655</start>
    </paragraph>
    <paragraph>
        <end>4656</end>
        <start>4656</start>
    </paragraph>
    <paragraph>
        <end>4763</end>
        <start>4657</start>
    </paragraph>
    <paragraph>
        <end>5006</end>
        <start>4764</start>
    </paragraph>
    <paragraph>
        <end>5088</end>
        <start>5007</start>
    </paragraph>
    <paragraph>
        <end>5362</end>
        <start>5089</start>
    </paragraph>
    <paragraph>
        <end>5363</end>
        <start>5363</start>
    </paragraph>
    <paragraph>
        <end>5364</end>
        <start>5364</start>
    </paragraph>
    <paragraph>
        <end>5365</end>
        <start>5365</start>
    </paragraph>
    <paragraph>
        <end>5366</end>
        <start>5366</start>
    </paragraph>
    <paragraph>
        <end>5447</end>
        <start>5367</start>
    </paragraph>
    <paragraph>
        <end>5683</end>
        <start>5448</start>
    </paragraph>
    <paragraph>
        <end>5877</end>
        <start>5684</start>
    </paragraph>
    <paragraph>
        <end>6079</end>
        <start>5878</start>
    </paragraph>
    <paragraph>
        <end>6080</end>
        <start>6080</start>
    </paragraph>
    <paragraph>
        <end>6081</end>
        <start>6081</start>
    </paragraph>
    <paragraph>
        <end>6315</end>
        <start>6082</start>
    </paragraph>
    <paragraph>
        <end>6397</end>
        <start>6316</start>
    </paragraph>
    <paragraph>
        <end>6629</end>
        <start>6398</start>
    </paragraph>
    <paragraph>
        <end>6708</end>
        <start>6630</start>
    </paragraph>
    <portal>abc</portal>
    <quote>
        <end>520</end>
        <start>505</start>
    </quote>
    <quote>
        <end>744</end>
        <start>694</start>
    </quote>
    <quote>
        <end>832</end>
        <start>760</start>
    </quote>
    <quote>
        <end>890</end>
        <start>861</start>
    </quote>
    <quote>
        <end>1003</end>
        <start>893</start>
    </quote>
    <quote>
        <end>1134</end>
        <start>1020</start>
    </quote>
    <quote>
        <end>1845</end>
        <start>1823</start>
    </quote>
    <quote>
        <end>2039</end>
        <start>1883</start>
    </quote>
    <quote>
        <end>2119</end>
        <start>2042</start>
    </quote>
    <quote>
        <end>2247</end>
        <start>2137</start>
    </quote>
    <quote>
        <end>2470</end>
        <start>2364</start>
    </quote>
    <quote>
        <end>2582</end>
        <start>2485</start>
    </quote>
    <quote>
        <end>3885</end>
        <start>3865</start>
    </quote>
    <quote>
        <end>4030</end>
        <start>3965</start>
    </quote>
    <quote>
        <end>4868</end>
        <start>4831</start>
    </quote>
    <quote>
        <end>5005</end>
        <start>4880</start>
    </quote>
    <quote>
        <end>5087</end>
        <start>5018</start>
    </quote>
    <quote>
        <end>5299</end>
        <start>5090</start>
    </quote>
    <quote>
        <end>5361</end>
        <start>5311</start>
    </quote>
    <quote>
        <end>5446</end>
        <start>5418</start>
    </quote>
    <quote>
        <end>6387</end>
        <start>6317</start>
    </quote>
    <title>NY, NJ Bombings Suspect Charged With Attempted Murder of Cops</title>
    <uri>http://abcnews.go.com/US/bombing-incidences-ny-nj-linked-sources/story?id=42190095&amp;cid=abcnp_fb</uri>
    <veracity>mostly true</veracity>
</article>
