<?xml version="1.0" encoding="UTF-8" standalone="yes"?>
<article>
    <author>Good Morning America Verified account</author>
    <hyperlink>
        <end>13</end>
        <start>7</start>
    </hyperlink>
    <hyperlink>
        <end>23</end>
        <start>16</start>
    </hyperlink>
    <hyperlink href="https://t.co/PC6GWxphll">
        <end>139</end>
        <start>116</start>
    </hyperlink>
    <mainText>WATCH: @POTUS &amp; @FLOTUS on their excitement over opening of National Museum of African American History and Culture.http://snpy.tv/2cWV2AF </mainText>
    <orientation>mainstream</orientation>
    <paragraph>
        <end>139</end>
        <start>0</start>
    </paragraph>
    <portal>abc</portal>
    <title>Good Morning AmericaVerified account</title>
    <uri>https://twitter.com/GMA/status/779295605268942849</uri>
    <veracity>mostly true</veracity>
</article>
