<?xml version="1.0" encoding="UTF-8" standalone="yes"?>
<article>
    <author>marcy gordon, ap business writer</author>
    <hyperlink>
        <end>110</end>
        <start>103</start>
    </hyperlink>
    <hyperlink>
        <end>249</end>
        <start>238</start>
    </hyperlink>
    <hyperlink>
        <end>1028</end>
        <start>1018</start>
    </hyperlink>
    <mainText>Wells Fargo's embattled CEO is resigning his position on the Federal Reserve's advisory council amid a scandal over millions of accounts allegedly opened by the bank without customers' permission. The San Francisco Fed said Thursday that John Stumpf is giving up his position as representative from the central bank's San Francisco region on the advisory council. The move was a "personal decision" by Stumpf, Wells Fargo spokeswoman Jennifer Dunn said. "His top priority is leading Wells Fargo." His resignation from the council, which meets four times a year with the Fed's board of governors to discuss economic and banking issues, was effective immediately. Members serve one-year terms starting in January. The announcement came two days after Stumpf faced bipartisan outrage from a Senate panel over the alleged misconduct, believed to have gone on at the second-largest U.S. bank for years. Some 5,300 employees were fired. Wells Fargo &amp; Co., which is based in San Francisco, was fined $185 million by U.S. and California regulators earlier this month. In a feverish drive to meet sales targets, bank employees opened the unauthorized accounts, transferred customers' money into them, and signed people up for online banking, according to the regulators. Debit cards were issued and activated, as well as PINs created, without customers' knowledge. Stumpf told the Senate Banking Committee in his testimony Tuesday he was "deeply sorry" the bank failed to meet its responsibility to customers and didn't act sooner to stem the misconduct. He promised to assist affected customers. The bank says it has already refunded to customers $2.6 million in fees charged for products that were sold without authorization. Senators of both parties accused the bank of fraud and told Stumpf he was scapegoating legions of lower-level employees while senior executives kept their jobs and received hefty pay packages. Stumpf, a 34-year veteran of Wells Fargo and CEO since 2007, earned $19.3 million last year. Carrie Tolstedt, the former head of the retail banking business, announced in July that she would retire from the bank this year. She is expected to leave with as much as $125 million in salary, stock options and other compensation. The bank says it will end its sales quota system at year's end. While it varied by branch size and day of the week, a typical employee had to sell between 13 and 15 banking products a day — a new account, a mortgage, a retirement account, or even online banking. The targets were high even in small towns.</mainText>
    <orientation>mainstream</orientation>
    <paragraph>
        <end>0</end>
        <start>0</start>
    </paragraph>
    <paragraph>
        <end>197</end>
        <start>1</start>
    </paragraph>
    <paragraph>
        <end>364</end>
        <start>198</start>
    </paragraph>
    <paragraph>
        <end>497</end>
        <start>365</start>
    </paragraph>
    <paragraph>
        <end>712</end>
        <start>498</start>
    </paragraph>
    <paragraph>
        <end>931</end>
        <start>713</start>
    </paragraph>
    <paragraph>
        <end>1060</end>
        <start>932</start>
    </paragraph>
    <paragraph>
        <end>1356</end>
        <start>1061</start>
    </paragraph>
    <paragraph>
        <end>1719</end>
        <start>1357</start>
    </paragraph>
    <paragraph>
        <end>1912</end>
        <start>1720</start>
    </paragraph>
    <paragraph>
        <end>2238</end>
        <start>1913</start>
    </paragraph>
    <paragraph>
        <end>2302</end>
        <start>2239</start>
    </paragraph>
    <paragraph>
        <end>2544</end>
        <start>2303</start>
    </paragraph>
    <portal>abc</portal>
    <quote>
        <end>397</end>
        <start>380</start>
    </quote>
    <quote>
        <end>495</end>
        <start>455</start>
    </quote>
    <quote>
        <end>1442</end>
        <start>1430</start>
    </quote>
    <title>Wells Fargo CEO Resigns Position on Fed Advisory Body</title>
    <uri>https://web.archive.org/web/20160923063509/http://abcnews.go.com/Business/wireStory/wells-fargo-ceo-resigns-position-fed-advisory-body-42293445</uri>
    <veracity>mostly true</veracity>
</article>
