<?xml version="1.0" encoding="UTF-8" standalone="yes"?>
<article>
    <author>Posted by Frank Wilkenmeyer on 18 Sep 2016</author>
    <hyperlink href="https://twitter.com/hashtag/SoCool?src=hash">
        <end>967</end>
        <start>960</start>
    </hyperlink>
    <hyperlink href="https://t.co/C46tkIgROl">
        <end>994</end>
        <start>968</start>
    </hyperlink>
    <hyperlink href="https://twitter.com/EricTrump/status/777561307381989376">
        <end>1039</end>
        <start>1021</start>
    </hyperlink>
    <hyperlink href="https://twitter.com/EricTrump">
        <end>1019</end>
        <start>1009</start>
    </hyperlink>
    <hyperlink href="https://twitter.com/montesgrandma/status/777591724768059392">
        <end>1039</end>
        <start>1021</start>
    </hyperlink>
    <hyperlink href="https://twitter.com/EricTrump">
        <end>1019</end>
        <start>1009</start>
    </hyperlink>
    <hyperlink href="https://twitter.com/Veraguas/status/777562312119095296">
        <end>1039</end>
        <start>1021</start>
    </hyperlink>
    <hyperlink href="https://twitter.com/EricTrump">
        <end>1019</end>
        <start>1009</start>
    </hyperlink>
    <hyperlink href="https://twitter.com/Applan69/status/777571622496505856">
        <end>1039</end>
        <start>1021</start>
    </hyperlink>
    <hyperlink href="https://twitter.com/EricTrump">
        <end>1019</end>
        <start>1009</start>
    </hyperlink>
    <hyperlink href="https://twitter.com/foos1234/status/777571565907087360">
        <end>1039</end>
        <start>1021</start>
    </hyperlink>
    <hyperlink href="https://twitter.com/EricTrump">
        <end>1019</end>
        <start>1009</start>
    </hyperlink>
    <hyperlink href="https://twitter.com/svskier1/status/777562744006422529">
        <end>1039</end>
        <start>1021</start>
    </hyperlink>
    <hyperlink href="https://twitter.com/EricTrump">
        <end>1019</end>
        <start>1009</start>
    </hyperlink>
    <hyperlink href="https://twitter.com/JoeyPolitix/status/777576349808599040">
        <end>1039</end>
        <start>1021</start>
    </hyperlink>
    <mainText>Eric Trump makes up one-half of the Trump Brothers Brain trust, a pair of imbeciles who think continuing to make mediocre business deals off of their grandfather’s inheritance and shooting endangered animals make them too cool for their own shoes. They have their father’s racism, narcissism and anus-shaped mouth. They denigrate women, are completely out of touch with reality and manage to post the dumbest things imaginable on social media. In short, they are a liberal troll’s dream. Today’s story is about Eric. He may not have been lucky enough to score his father’s name like his brother but he did manage to come into the world looking far more like Lord Cheeto than his older sibling. He has the hair and the punchable face to go with the anus mouth and nasty, spoiled brat disposition. Little Oompa Loompa took to Twitter recently and posted what I can only assume is his greatest accomplishment in life: When you are the answer to a crossword clue! #SoCool pic.twitter.com/C46tkIgROl — Eric Trump (@EricTrump) September 18, 2016  Isn’t that special? He is very, very cool, by anyone’s standards. According to this very puzzle, he ranks right up there with free wifi, pushup bras and Bozo. Though I really must admit, Bozo was pretty cool. No Trump is nearly as cool as Bozo. @EricTrump Little minds are amused so easily. — Mary Hartman (@montesgrandma) September 18, 2016  That says it all, doesn’t it? The biggest mistake little Eric made here is not offering the question that was asked. That, of course, left the door open for hilarity to come storming through: @EricTrump Was the clue: Dumber son resembling young Voldemort? — NoParty Voter (@Veraguas) September 18, 2016  @EricTrump the clue was ” the stupidest son of the orange con man” — Toby Fair (@Applan69) September 18, 2016  @EricTrump what’s the answer racist or bigot I’ve got to know Eric — Steve Dreifuss (@foos1234) September 18, 2016  @EricTrump was the question – name trumps most racist son? — blueidaho (@svskier1) September 18, 2016  @EricTrump WOW YOUR LIFE IS AMAZING. Was the clue “greasy &amp; feckless”? — Joey Powers (@JoeyPolitix) September 18, 2016  Those are some of the better ones. You can peruse the tweet’s replies yourself for more, or join in the fun like I did with one of my toy accounts:  Yes, I know…I spelled “principal” like the person who gave you detention in middle school. I was speed trolling and trust me…Eric Trump will never know the difference.</mainText>
    <orientation>left</orientation>
    <paragraph>
        <end>443</end>
        <start>0</start>
    </paragraph>
    <paragraph>
        <end>487</end>
        <start>444</start>
    </paragraph>
    <paragraph>
        <end>795</end>
        <start>488</start>
    </paragraph>
    <paragraph>
        <end>914</end>
        <start>796</start>
    </paragraph>
    <paragraph>
        <end>994</end>
        <start>915</start>
    </paragraph>
    <paragraph>
        <end>1039</end>
        <start>995</start>
    </paragraph>
    <paragraph>
        <end>1040</end>
        <start>1040</start>
    </paragraph>
    <paragraph>
        <end>1285</end>
        <start>1041</start>
    </paragraph>
    <paragraph>
        <end>1331</end>
        <start>1286</start>
    </paragraph>
    <paragraph>
        <end>1382</end>
        <start>1332</start>
    </paragraph>
    <paragraph>
        <end>1383</end>
        <start>1383</start>
    </paragraph>
    <paragraph>
        <end>1413</end>
        <start>1384</start>
    </paragraph>
    <paragraph>
        <end>1575</end>
        <start>1414</start>
    </paragraph>
    <paragraph>
        <end>1639</end>
        <start>1576</start>
    </paragraph>
    <paragraph>
        <end>1686</end>
        <start>1640</start>
    </paragraph>
    <paragraph>
        <end>1687</end>
        <start>1687</start>
    </paragraph>
    <paragraph>
        <end>1754</end>
        <start>1688</start>
    </paragraph>
    <paragraph>
        <end>1797</end>
        <start>1755</start>
    </paragraph>
    <paragraph>
        <end>1798</end>
        <start>1798</start>
    </paragraph>
    <paragraph>
        <end>1865</end>
        <start>1799</start>
    </paragraph>
    <paragraph>
        <end>1913</end>
        <start>1866</start>
    </paragraph>
    <paragraph>
        <end>1914</end>
        <start>1914</start>
    </paragraph>
    <paragraph>
        <end>1973</end>
        <start>1915</start>
    </paragraph>
    <paragraph>
        <end>2016</end>
        <start>1974</start>
    </paragraph>
    <paragraph>
        <end>2017</end>
        <start>2017</start>
    </paragraph>
    <paragraph>
        <end>2088</end>
        <start>2018</start>
    </paragraph>
    <paragraph>
        <end>2136</end>
        <start>2089</start>
    </paragraph>
    <paragraph>
        <end>2137</end>
        <start>2137</start>
    </paragraph>
    <paragraph>
        <end>2285</end>
        <start>2138</start>
    </paragraph>
    <paragraph>
        <end>2286</end>
        <start>2286</start>
    </paragraph>
    <paragraph>
        <end>2454</end>
        <start>2287</start>
    </paragraph>
    <portal>addicting-info</portal>
    <quote>
        <end>2086</end>
        <start>2069</start>
    </quote>
    <quote>
        <end>2319</end>
        <start>2310</start>
    </quote>
    <quote>
        <end>1039</end>
        <start>915</start>
    </quote>
    <quote>
        <end>1382</end>
        <start>1286</start>
    </quote>
    <quote>
        <end>1686</end>
        <start>1576</start>
    </quote>
    <quote>
        <end>1797</end>
        <start>1688</start>
    </quote>
    <quote>
        <end>1913</end>
        <start>1799</start>
    </quote>
    <quote>
        <end>2016</end>
        <start>1915</start>
    </quote>
    <quote>
        <end>2136</end>
        <start>2018</start>
    </quote>
    <title></title>
    <uri>http://winningdemocrats.com/eric-trumps-greatest-achievement-of-all-time-is-currently-being-mocked-on-twitter-hard/</uri>
    <veracity>mixture of true and false</veracity>
</article>
