<?xml version="1.0" encoding="UTF-8" standalone="yes"?>
<article>
    <author>Posted by Stephen D. Foster Jr. on 19 Sep 2016</author>
    <hyperlink href="https://twitter.com/hashtag/trump2016?src=hash">
        <end>507</end>
        <start>497</start>
    </hyperlink>
    <hyperlink href="https://t.co/9fHwog7ssN">
        <end>534</end>
        <start>508</start>
    </hyperlink>
    <hyperlink href="https://twitter.com/DonaldJTrumpJr/status/778016283342307328">
        <end>590</end>
        <start>572</start>
    </hyperlink>
    <hyperlink href="https://twitter.com/DonaldJTrumpJr">
        <end>570</end>
        <start>555</start>
    </hyperlink>
    <hyperlink href="https://t.co/2qZbyrTENl">
        <end>1027</end>
        <start>1001</start>
    </hyperlink>
    <hyperlink href="https://twitter.com/rawan/status/778053688485146625">
        <end>1063</end>
        <start>1045</start>
    </hyperlink>
    <hyperlink href="https://twitter.com/DonaldJTrumpJr">
        <end>570</end>
        <start>555</start>
    </hyperlink>
    <hyperlink href="https://t.co/aMTIaVHjey">
        <end>1179</end>
        <start>1153</start>
    </hyperlink>
    <hyperlink href="https://twitter.com/rawan/status/778054003448045568">
        <end>1063</end>
        <start>1045</start>
    </hyperlink>
    <hyperlink href="https://twitter.com/DonaldJTrumpJr">
        <end>570</end>
        <start>555</start>
    </hyperlink>
    <hyperlink href="https://twitter.com/Toure/status/778020210754326528">
        <end>590</end>
        <start>572</start>
    </hyperlink>
    <hyperlink href="https://twitter.com/Toure">
        <end>1373</end>
        <start>1367</start>
    </hyperlink>
    <hyperlink href="https://twitter.com/DonaldJTrumpJr">
        <end>570</end>
        <start>555</start>
    </hyperlink>
    <hyperlink href="https://twitter.com/realDonaldTrump">
        <end>1500</end>
        <start>1484</start>
    </hyperlink>
    <hyperlink href="https://twitter.com/jackschofield/status/778033208143310848">
        <end>1063</end>
        <start>1045</start>
    </hyperlink>
    <hyperlink href="https://twitter.com/DonaldJTrumpJr">
        <end>570</end>
        <start>555</start>
    </hyperlink>
    <hyperlink href="https://t.co/Vccu5wVnQ6">
        <end>1706</end>
        <start>1683</start>
    </hyperlink>
    <hyperlink href="https://twitter.com/TUSK81/status/778064513379684352">
        <end>1063</end>
        <start>1045</start>
    </hyperlink>
    <hyperlink href="https://twitter.com/DonaldJTrumpJr">
        <end>570</end>
        <start>555</start>
    </hyperlink>
    <hyperlink href="https://t.co/8yZ5amA3WQ">
        <end>1842</end>
        <start>1816</start>
    </hyperlink>
    <hyperlink href="https://twitter.com/courtenlow/status/778034648790147073">
        <end>1063</end>
        <start>1045</start>
    </hyperlink>
    <hyperlink href="https://twitter.com/DonaldJTrumpJr">
        <end>570</end>
        <start>555</start>
    </hyperlink>
    <hyperlink href="https://twitter.com/hashtag/SeriouslySonnySkittles?src=hash">
        <end>2021</end>
        <start>1998</start>
    </hyperlink>
    <hyperlink href="https://twitter.com/KeithOlbermann/status/778041474046889984">
        <end>1063</end>
        <start>1045</start>
    </hyperlink>
    <hyperlink href="https://twitter.com/DonaldJTrumpJr">
        <end>570</end>
        <start>555</start>
    </hyperlink>
    <hyperlink href="https://twitter.com/ProgressOutlook/status/778016877608042496">
        <end>590</end>
        <start>572</start>
    </hyperlink>
    <hyperlink href="https://twitter.com/DonaldJTrumpJr">
        <end>570</end>
        <start>555</start>
    </hyperlink>
    <hyperlink href="https://t.co/vbvQMFYquF">
        <end>2392</end>
        <start>2366</start>
    </hyperlink>
    <hyperlink href="https://twitter.com/MalcolmNance/status/778039715824009216">
        <end>1063</end>
        <start>1045</start>
    </hyperlink>
    <hyperlink href="https://twitter.com/DonaldJTrumpJr">
        <end>570</end>
        <start>555</start>
    </hyperlink>
    <hyperlink href="https://t.co/7IIpy8uujI">
        <end>2514</end>
        <start>2488</start>
    </hyperlink>
    <hyperlink href="https://twitter.com/TUSK81/status/778062154670809088">
        <end>1063</end>
        <start>1045</start>
    </hyperlink>
    <hyperlink href="http://winningdemocrats.com/wp-content/uploads/2016/09/2016-09-20_3-50-43.jpg">
        <end>0</end>
        <start>0</start>
    </hyperlink>
    <hyperlink href="https://twitter.com/Skittles/status/104945869362692097">
        <end>2843</end>
        <start>2828</start>
    </hyperlink>
    <mainText>Let’s go eat all of the Skittles and send the empty packages to Donald Trump’s unfortunately named son. Because the candy metaphor he posted to Twitter today in order to demonize Syrian immigrants is worthy of great mockery. Trump Jr. posted a image of a bowl of Skittles and asked if anyone would eat them if he said three were poisoned. Somehow, that’s what the Syrian immigrant “problem” is like. This image says it all. Let’s end the politically correct agenda that doesn’t put America first. #trump2016 pic.twitter.com/9fHwog7ssN — Donald Trump Jr. (@DonaldJTrumpJr) September 19, 2016  Syrians are fleeing their homeland right now because it is a war torn hell that continues to get bloodier. Naturally, they would love nothing more than to immigrate to the United States for peace and opportunities. But the Trump family in staunchly ant-immigrant. Well, Twitter users were not amused and promptly ripped Tiny Hands Jr. a new one. . @DonaldJTrumpJr is this funny to you you sick piece of shit? pic.twitter.com/2qZbyrTENl — Rawan (@rawan) September 20, 2016  how about this? wanna laugh about this? wanna compare this to skittles? @DonaldJTrumpJr pic.twitter.com/aMTIaVHjey — Rawan (@rawan) September 20, 2016  That last RT from @DonaldJTrumpJr shows you the moronic anti-immigrant fear mongering the Trumps love. Immigrants are not coming to kill us. — Touré (@Toure) September 19, 2016  .@Toure @DonaldJTrumpJr The Trumps are German immigrants (who lied about being Swedish). @realDonaldTrump married an illegal migrant worker. — Jack Schofield (@jackschofield) September 20, 2016  So basically @DonaldJTrumpJr shared a white supremacist meme for the second time this month. https://t.co/Vccu5wVnQ6 — Gabe Ortíz (@TUSK81) September 20, 2016  .@DonaldJTrumpJr Can you people not afford a goddamn copy editor? pic.twitter.com/8yZ5amA3WQ — Courtney Enlow (@courtenlow) September 20, 2016  .@DonaldJTrumpJr Seek professional help for your paranoia. And somebody to make GOOD analogies for you. #SeriouslySonnySkittles ? — Keith Olbermann (@KeithOlbermann) September 20, 2016  The bowl of skittles aren’t vetted. Refugees are vetted for 18 months. @DonaldJTrumpJr — (((#NeverTrump))) (@ProgressOutlook) September 19, 2016  This image says it all. In 1939 900 Jews on ship fm Nazi Germany to USA were sent back. 25% died in Holocaust. Not skittles @DonaldJTrumpJr pic.twitter.com/vbvQMFYquF — Malcolm Nance (@MalcolmNance) September 20, 2016  And my personal favorite: .@DonaldJTrumpJr pic.twitter.com/7IIpy8uujI — Gabe Ortíz (@TUSK81) September 20, 2016  A Skittles rep even stepped in to inform Trump Jr. that “skittles are candy” and “refugees are people.”  Besides…refugees might share some Skittles with you. Every stranger is just a friend you haven’t met who might share their Skittles with you. — Skittles (@Skittles) August 20, 2011  Trump Jr. had to learn about human decency from a candy company. Now THAT says it all. Featured Image: Getty Images/Jeff J. Mitchell</mainText>
    <orientation>left</orientation>
    <paragraph>
        <end>103</end>
        <start>0</start>
    </paragraph>
    <paragraph>
        <end>224</end>
        <start>104</start>
    </paragraph>
    <paragraph>
        <end>399</end>
        <start>225</start>
    </paragraph>
    <paragraph>
        <end>534</end>
        <start>400</start>
    </paragraph>
    <paragraph>
        <end>590</end>
        <start>535</start>
    </paragraph>
    <paragraph>
        <end>591</end>
        <start>591</start>
    </paragraph>
    <paragraph>
        <end>855</end>
        <start>592</start>
    </paragraph>
    <paragraph>
        <end>937</end>
        <start>856</start>
    </paragraph>
    <paragraph>
        <end>1027</end>
        <start>938</start>
    </paragraph>
    <paragraph>
        <end>1063</end>
        <start>1028</start>
    </paragraph>
    <paragraph>
        <end>1064</end>
        <start>1064</start>
    </paragraph>
    <paragraph>
        <end>1179</end>
        <start>1065</start>
    </paragraph>
    <paragraph>
        <end>1215</end>
        <start>1180</start>
    </paragraph>
    <paragraph>
        <end>1216</end>
        <start>1216</start>
    </paragraph>
    <paragraph>
        <end>1357</end>
        <start>1217</start>
    </paragraph>
    <paragraph>
        <end>1393</end>
        <start>1358</start>
    </paragraph>
    <paragraph>
        <end>1394</end>
        <start>1394</start>
    </paragraph>
    <paragraph>
        <end>1535</end>
        <start>1395</start>
    </paragraph>
    <paragraph>
        <end>1588</end>
        <start>1536</start>
    </paragraph>
    <paragraph>
        <end>1589</end>
        <start>1589</start>
    </paragraph>
    <paragraph>
        <end>1706</end>
        <start>1590</start>
    </paragraph>
    <paragraph>
        <end>1748</end>
        <start>1707</start>
    </paragraph>
    <paragraph>
        <end>1749</end>
        <start>1749</start>
    </paragraph>
    <paragraph>
        <end>1842</end>
        <start>1750</start>
    </paragraph>
    <paragraph>
        <end>1892</end>
        <start>1843</start>
    </paragraph>
    <paragraph>
        <end>1893</end>
        <start>1893</start>
    </paragraph>
    <paragraph>
        <end>2023</end>
        <start>1894</start>
    </paragraph>
    <paragraph>
        <end>2078</end>
        <start>2024</start>
    </paragraph>
    <paragraph>
        <end>2079</end>
        <start>2079</start>
    </paragraph>
    <paragraph>
        <end>2166</end>
        <start>2080</start>
    </paragraph>
    <paragraph>
        <end>2224</end>
        <start>2167</start>
    </paragraph>
    <paragraph>
        <end>2225</end>
        <start>2225</start>
    </paragraph>
    <paragraph>
        <end>2392</end>
        <start>2226</start>
    </paragraph>
    <paragraph>
        <end>2443</end>
        <start>2393</start>
    </paragraph>
    <paragraph>
        <end>2444</end>
        <start>2444</start>
    </paragraph>
    <paragraph>
        <end>2470</end>
        <start>2445</start>
    </paragraph>
    <paragraph>
        <end>2514</end>
        <start>2471</start>
    </paragraph>
    <paragraph>
        <end>2556</end>
        <start>2515</start>
    </paragraph>
    <paragraph>
        <end>2557</end>
        <start>2557</start>
    </paragraph>
    <paragraph>
        <end>2661</end>
        <start>2558</start>
    </paragraph>
    <paragraph>
        <end>2662</end>
        <start>2662</start>
    </paragraph>
    <paragraph>
        <end>2715</end>
        <start>2663</start>
    </paragraph>
    <paragraph>
        <end>2804</end>
        <start>2716</start>
    </paragraph>
    <paragraph>
        <end>2843</end>
        <start>2805</start>
    </paragraph>
    <paragraph>
        <end>2844</end>
        <start>2844</start>
    </paragraph>
    <paragraph>
        <end>2931</end>
        <start>2845</start>
    </paragraph>
    <paragraph>
        <end>2977</end>
        <start>2932</start>
    </paragraph>
    <portal>addicting-info</portal>
    <quote>
        <end>389</end>
        <start>382</start>
    </quote>
    <quote>
        <end>2633</end>
        <start>2615</start>
    </quote>
    <quote>
        <end>2660</end>
        <start>2640</start>
    </quote>
    <quote>
        <end>590</end>
        <start>400</start>
    </quote>
    <quote>
        <end>1063</end>
        <start>938</start>
    </quote>
    <quote>
        <end>1215</end>
        <start>1065</start>
    </quote>
    <quote>
        <end>1393</end>
        <start>1217</start>
    </quote>
    <quote>
        <end>1588</end>
        <start>1395</start>
    </quote>
    <quote>
        <end>1748</end>
        <start>1590</start>
    </quote>
    <quote>
        <end>1892</end>
        <start>1750</start>
    </quote>
    <quote>
        <end>2078</end>
        <start>1894</start>
    </quote>
    <quote>
        <end>2224</end>
        <start>2080</start>
    </quote>
    <quote>
        <end>2443</end>
        <start>2226</start>
    </quote>
    <quote>
        <end>2556</end>
        <start>2471</start>
    </quote>
    <quote>
        <end>2843</end>
        <start>2716</start>
    </quote>
    <title></title>
    <uri>http://winningdemocrats.com/skittles-rep-told-trump-jr-to-shut-the-fck-up-after-he-compared-refugees-to-poison-candy-tweets/</uri>
    <veracity>mixture of true and false</veracity>
</article>
