<?xml version="1.0" encoding="UTF-8" standalone="yes"?>
<article>
    <author>Posted by John Prager on 20 Sep 2016</author>
    <hyperlink href="http://littlegreenfootballs.com/article/45291_We_Found_Where_Donald_Trumps_Black_Crimes_Graphic_Came_From">
        <end>351</end>
        <start>320</start>
    </hyperlink>
    <hyperlink href="https://twitter.com/realDonaldTrump">
        <end>1155</end>
        <start>1139</start>
    </hyperlink>
    <hyperlink href="https://t.co/9LBPglLJSo">
        <end>1270</end>
        <start>1247</start>
    </hyperlink>
    <hyperlink href="https://twitter.com/ABCPolitics/status/778351193613447168">
        <end>1324</end>
        <start>1306</start>
    </hyperlink>
    <hyperlink href="https://twitter.com/ABCPolitics">
        <end>1304</end>
        <start>1292</start>
    </hyperlink>
    <hyperlink href="https://twitter.com/realDonaldTrump">
        <end>1155</end>
        <start>1139</start>
    </hyperlink>
    <hyperlink href="https://twitter.com/SarkaAaron/status/778351445838004224">
        <end>1324</end>
        <start>1306</start>
    </hyperlink>
    <hyperlink href="https://twitter.com/theBillGrayson">
        <end>1664</end>
        <start>1649</start>
    </hyperlink>
    <hyperlink href="https://twitter.com/ABCPolitics">
        <end>1304</end>
        <start>1292</start>
    </hyperlink>
    <hyperlink href="https://twitter.com/realDonaldTrump">
        <end>1155</end>
        <start>1139</start>
    </hyperlink>
    <hyperlink href="https://twitter.com/spacejunkx/status/778374379004506112">
        <end>1324</end>
        <start>1306</start>
    </hyperlink>
    <hyperlink href="https://twitter.com/ABCPolitics">
        <end>1304</end>
        <start>1292</start>
    </hyperlink>
    <hyperlink href="https://twitter.com/realDonaldTrump">
        <end>1155</end>
        <start>1139</start>
    </hyperlink>
    <hyperlink href="https://twitter.com/theBillGrayson/status/778352159578591232">
        <end>1324</end>
        <start>1306</start>
    </hyperlink>
    <hyperlink href="https://twitter.com/ABCPolitics">
        <end>1304</end>
        <start>1292</start>
    </hyperlink>
    <hyperlink href="https://twitter.com/realDonaldTrump">
        <end>1155</end>
        <start>1139</start>
    </hyperlink>
    <hyperlink href="https://twitter.com/mlwag1/status/778351356553924608">
        <end>1324</end>
        <start>1306</start>
    </hyperlink>
    <hyperlink href="https://twitter.com/ABCPolitics">
        <end>1304</end>
        <start>1292</start>
    </hyperlink>
    <hyperlink href="https://twitter.com/realDonaldTrump">
        <end>1155</end>
        <start>1139</start>
    </hyperlink>
    <hyperlink href="https://twitter.com/jeff14mail/status/778352173180710912">
        <end>1324</end>
        <start>1306</start>
    </hyperlink>
    <hyperlink href="https://twitter.com/ABCPolitics">
        <end>1304</end>
        <start>1292</start>
    </hyperlink>
    <hyperlink href="https://twitter.com/realDonaldTrump">
        <end>1155</end>
        <start>1139</start>
    </hyperlink>
    <hyperlink href="https://twitter.com/ShoNuf77/status/778351735236624385">
        <end>1324</end>
        <start>1306</start>
    </hyperlink>
    <hyperlink href="https://twitter.com/ABCPolitics">
        <end>1304</end>
        <start>1292</start>
    </hyperlink>
    <hyperlink href="https://twitter.com/realDonaldTrump">
        <end>1155</end>
        <start>1139</start>
    </hyperlink>
    <hyperlink href="https://twitter.com/x_PureSalt_x/status/778351688453279749">
        <end>1324</end>
        <start>1306</start>
    </hyperlink>
    <hyperlink href="https://twitter.com/ABCPolitics">
        <end>1304</end>
        <start>1292</start>
    </hyperlink>
    <hyperlink href="https://twitter.com/realDonaldTrump">
        <end>1155</end>
        <start>1139</start>
    </hyperlink>
    <hyperlink href="https://twitter.com/MirrorTrump/status/778355149970341889">
        <end>1324</end>
        <start>1306</start>
    </hyperlink>
    <hyperlink href="https://t.co/qLkNcd1GwH">
        <end>2895</end>
        <start>2872</start>
    </hyperlink>
    <hyperlink href="https://twitter.com/mattyglesias/status/778349615389274112">
        <end>1324</end>
        <start>1306</start>
    </hyperlink>
    <hyperlink href="https://t.co/K1AK3aCYyn">
        <end>3037</end>
        <start>3014</start>
    </hyperlink>
    <hyperlink href="https://twitter.com/AG_Conservative/status/778351706262282240">
        <end>1324</end>
        <start>1306</start>
    </hyperlink>
    <mainText>That wacky, deplorable, Oompa Loompa stand-in Donald Trump is at it again! As part of his continuing African-American “outreach” — which has traditionally consisted  of calling black people uneducated, unemployed and desperate, and their communities poor (“no health care, no education, no anything” as he puts it), and posting white supremacist memes demonizing black people. While Trump’s white supporters love this rhetoric because it a.) confirms their biases against African-Americans and b.) seems to them that he is trying to fix problems they suspect exist, proving he’s not the racist pig liberals say he is, the rest of us wonder how anyone can think a guy who literally labeled black rental applicants’ forms with “C” and practiced discrimination could be viewed as a person who would do anything at all to help the black community. On Tuesday, Trump again continued his outreach — or, as the rest of us see it, again made his disdain for black people known — by telling African-Americans (or, more correctly, a room full of white people) that black communities are “in the worst shape that they’ve ever been in before, ever.” .@realDonaldTrump: African-American communities "in the worst shape that they’ve ever been in before, ever." https://t.co/9LBPglLJSo — ABC News Politics (@ABCPolitics) September 20, 2016  Naturally, the Internet had some remarks about this, with many wondering how he forgot about Jim Crow, slavery, and other times the black community might have had it just a teensy bit harder in America: @ABCPolitics @realDonaldTrump Slavery? Jim Crow? You call those better? — Aaron Sarka (@SarkaAaron) September 20, 2016  @theBillGrayson @ABCPolitics @realDonaldTrump Imagine reaction to black guy talking about whites framed by bleachers full of blacks. — space_junk (@spacejunkx) September 20, 2016  @ABCPolitics @realDonaldTrump he knows that 1) it's bullshit 2) his audience doesn't know enough about AA's to know that it's BS. — Bill Grayson (@theBillGrayson) September 20, 2016  @ABCPolitics @realDonaldTrump and he says this again to an all white crowd — MLWag (@mlwag1) September 20, 2016  @ABCPolitics @realDonaldTrump Worse than when racist landlords like you put a "C" (colored)next to the name of black rental applicants? Nope — Jeffrey Bloom (@jeff14mail) September 20, 2016  @ABCPolitics @realDonaldTrump Minus 300 years of slavery and the Jim Crow era and his statement is still false — TPS Report (@ShoNuf77) September 20, 2016  @ABCPolitics @realDonaldTrump Did he forget about slavery? Also, not really. They are not as bad as they were a few years ago. — Salt Pawn Latte (@x_PureSalt_x) September 20, 2016  @ABCPolitics @realDonaldTrump Did your universe not have that whole Slavery thing? — Mirror Donald Trump (@MirrorTrump) September 20, 2016  Fact check: used to be enslaved, then lacked basic civil rights for 100 years. https://t.co/qLkNcd1GwH — Matthew Yglesias (@mattyglesias) September 20, 2016  I wonder why he's not resonating with African American voters… https://t.co/K1AK3aCYyn — (((AG))) (@AG_Conservative) September 20, 2016  I wonder if Trump actually thinks black people are falling for his bullsh*t. Featured image via screengrab</mainText>
    <orientation>left</orientation>
    <paragraph>
        <end>376</end>
        <start>0</start>
    </paragraph>
    <paragraph>
        <end>843</end>
        <start>377</start>
    </paragraph>
    <paragraph>
        <end>1137</end>
        <start>844</start>
    </paragraph>
    <paragraph>
        <end>1270</end>
        <start>1138</start>
    </paragraph>
    <paragraph>
        <end>1324</end>
        <start>1271</start>
    </paragraph>
    <paragraph>
        <end>1325</end>
        <start>1325</start>
    </paragraph>
    <paragraph>
        <end>1528</end>
        <start>1326</start>
    </paragraph>
    <paragraph>
        <end>1600</end>
        <start>1529</start>
    </paragraph>
    <paragraph>
        <end>1647</end>
        <start>1601</start>
    </paragraph>
    <paragraph>
        <end>1648</end>
        <start>1648</start>
    </paragraph>
    <paragraph>
        <end>1781</end>
        <start>1649</start>
    </paragraph>
    <paragraph>
        <end>1827</end>
        <start>1782</start>
    </paragraph>
    <paragraph>
        <end>1828</end>
        <start>1828</start>
    </paragraph>
    <paragraph>
        <end>1958</end>
        <start>1829</start>
    </paragraph>
    <paragraph>
        <end>2010</end>
        <start>1959</start>
    </paragraph>
    <paragraph>
        <end>2011</end>
        <start>2011</start>
    </paragraph>
    <paragraph>
        <end>2086</end>
        <start>2012</start>
    </paragraph>
    <paragraph>
        <end>2123</end>
        <start>2087</start>
    </paragraph>
    <paragraph>
        <end>2124</end>
        <start>2124</start>
    </paragraph>
    <paragraph>
        <end>2265</end>
        <start>2125</start>
    </paragraph>
    <paragraph>
        <end>2314</end>
        <start>2266</start>
    </paragraph>
    <paragraph>
        <end>2315</end>
        <start>2315</start>
    </paragraph>
    <paragraph>
        <end>2426</end>
        <start>2316</start>
    </paragraph>
    <paragraph>
        <end>2470</end>
        <start>2427</start>
    </paragraph>
    <paragraph>
        <end>2471</end>
        <start>2471</start>
    </paragraph>
    <paragraph>
        <end>2598</end>
        <start>2472</start>
    </paragraph>
    <paragraph>
        <end>2651</end>
        <start>2599</start>
    </paragraph>
    <paragraph>
        <end>2652</end>
        <start>2652</start>
    </paragraph>
    <paragraph>
        <end>2735</end>
        <start>2653</start>
    </paragraph>
    <paragraph>
        <end>2791</end>
        <start>2736</start>
    </paragraph>
    <paragraph>
        <end>2792</end>
        <start>2792</start>
    </paragraph>
    <paragraph>
        <end>2895</end>
        <start>2793</start>
    </paragraph>
    <paragraph>
        <end>2949</end>
        <start>2896</start>
    </paragraph>
    <paragraph>
        <end>2950</end>
        <start>2950</start>
    </paragraph>
    <paragraph>
        <end>3037</end>
        <start>2951</start>
    </paragraph>
    <paragraph>
        <end>3086</end>
        <start>3038</start>
    </paragraph>
    <paragraph>
        <end>3087</end>
        <start>3087</start>
    </paragraph>
    <paragraph>
        <end>3164</end>
        <start>3088</start>
    </paragraph>
    <paragraph>
        <end>3194</end>
        <start>3165</start>
    </paragraph>
    <portal>addicting-info</portal>
    <quote>
        <end>127</end>
        <start>119</start>
    </quote>
    <quote>
        <end>298</end>
        <start>257</start>
    </quote>
    <quote>
        <end>727</end>
        <start>726</start>
    </quote>
    <quote>
        <end>1136</end>
        <start>1078</start>
    </quote>
    <quote>
        <end>1324</end>
        <start>1138</start>
    </quote>
    <quote>
        <end>1647</end>
        <start>1529</start>
    </quote>
    <quote>
        <end>1827</end>
        <start>1649</start>
    </quote>
    <quote>
        <end>2010</end>
        <start>1829</start>
    </quote>
    <quote>
        <end>2123</end>
        <start>2012</start>
    </quote>
    <quote>
        <end>2314</end>
        <start>2125</start>
    </quote>
    <quote>
        <end>2470</end>
        <start>2316</start>
    </quote>
    <quote>
        <end>2651</end>
        <start>2472</start>
    </quote>
    <quote>
        <end>2791</end>
        <start>2653</start>
    </quote>
    <quote>
        <end>2949</end>
        <start>2793</start>
    </quote>
    <quote>
        <end>3086</end>
        <start>2951</start>
    </quote>
    <title></title>
    <uri>http://winningdemocrats.com/twitter-just-wrecked-donald-trump-after-horrible-attack-on-black-communities-tweets/</uri>
    <veracity>mostly true</veracity>
</article>
