<?xml version="1.0" encoding="UTF-8" standalone="yes"?>
<article>
    <author>Stephen D Foster Jr</author>
    <hyperlink href="https://twitter.com/HuntsmanAbby">
        <end>585</end>
        <start>572</start>
    </hyperlink>
    <hyperlink href="https://t.co/TW0wmvSSNM">
        <end>613</end>
        <start>587</start>
    </hyperlink>
    <hyperlink href="https://twitter.com/foxandfriends/status/778565405040218112">
        <end>667</end>
        <start>649</start>
    </hyperlink>
    <hyperlink href="https://twitter.com/foxandfriends">
        <end>647</end>
        <start>633</start>
    </hyperlink>
    <hyperlink href="https://twitter.com/HuntsmanAbby">
        <end>585</end>
        <start>572</start>
    </hyperlink>
    <hyperlink href="https://twitter.com/WalterWhfla/status/778565923544309760">
        <end>667</end>
        <start>649</start>
    </hyperlink>
    <hyperlink href="https://twitter.com/foxandfriends">
        <end>647</end>
        <start>633</start>
    </hyperlink>
    <hyperlink href="https://twitter.com/HuntsmanAbby">
        <end>585</end>
        <start>572</start>
    </hyperlink>
    <hyperlink href="https://twitter.com/2SoundOff1/status/778571689890291712">
        <end>667</end>
        <start>649</start>
    </hyperlink>
    <hyperlink href="https://twitter.com/foxandfriends">
        <end>647</end>
        <start>633</start>
    </hyperlink>
    <hyperlink href="https://twitter.com/gingerjeanne/status/778596710595440641">
        <end>667</end>
        <start>649</start>
    </hyperlink>
    <hyperlink href="https://twitter.com/foxandfriends">
        <end>647</end>
        <start>633</start>
    </hyperlink>
    <hyperlink href="https://twitter.com/HuntsmanAbby">
        <end>585</end>
        <start>572</start>
    </hyperlink>
    <hyperlink href="https://twitter.com/ceva1194/status/778595851513925632">
        <end>667</end>
        <start>649</start>
    </hyperlink>
    <hyperlink href="https://twitter.com/foxandfriends">
        <end>647</end>
        <start>633</start>
    </hyperlink>
    <hyperlink href="https://twitter.com/HuntsmanAbby">
        <end>585</end>
        <start>572</start>
    </hyperlink>
    <hyperlink href="https://twitter.com/hashtag/Trump?src=hash">
        <end>1498</end>
        <start>1492</start>
    </hyperlink>
    <hyperlink href="https://twitter.com/tennisjunkie14/status/778595165996916736">
        <end>667</end>
        <start>649</start>
    </hyperlink>
    <hyperlink href="https://twitter.com/foxandfriends">
        <end>647</end>
        <start>633</start>
    </hyperlink>
    <hyperlink href="https://twitter.com/HuntsmanAbby">
        <end>585</end>
        <start>572</start>
    </hyperlink>
    <hyperlink href="https://twitter.com/trimman21/status/778577146281336832">
        <end>667</end>
        <start>649</start>
    </hyperlink>
    <hyperlink href="http://www.rawstory.com/2016/09/deplorable-fox-news-fans-respond-to-charlotte-protests-fck-these-savages-shoot-them-all/">
        <end>1749</end>
        <start>1740</start>
    </hyperlink>
    <mainText>Police say Keith Lamont Scott had a gun. Scottâs family says he was just reading a book. But it doesnât matter what the facts are, racists are not only happy that another black man is dead, but theyalso want police to kill all of the people protesting the shooting. Protests broke out in Charlotte, North Carolina on Tuesday night and, as usual, Fox News went to great lengths to portray the protest as a full scale riot and that sent racists into a hateful frenzy on Twitter. FOX NEWS ALERT: At least 12 Charlotte officers injured in latest anti-police protests (via @HuntsmanAbby) pic.twitter.com/TW0wmvSSNM â FOX &amp; Friends (@foxandfriends) September 21, 2016  And here are some of the worst remarks. @foxandfriends @HuntsmanAbby anti police protests is what u call it ? Looked more like drugged out animals robbing stores to me wtf â whfla (@WalterWhfla) September 21, 2016  @foxandfriends @HuntsmanAbby Ovomit has set this environment for this kind of violent reaction that people now take advantage of for looting â 2SoundOff (@2SoundOff1) September 21, 2016  @foxandfriends Muslim brotherhood alive and well â ginger jensen starks (@gingerjeanne) September 21, 2016  @foxandfriends @HuntsmanAbby Can someone explain to me what Walmart had to do with the police shooting in NC. These ppl are THUGS period â Cliff (@ceva1194) September 21, 2016  @foxandfriends @HuntsmanAbby itâs a pretty sad day in America when our police officers canât protect themselves from thugs. #Trump 2016 â DeplorableLMay (@tennisjunkie14) September 21, 2016  @foxandfriends @HuntsmanAbby tribes being tribalâ¦how many had to be a work this morning oh probably none of them â Donnie Miller (@trimman21) September 21, 2016  In addition, Raw Story captured screenshots of some comments that have since been deleted.   These are the people who are going to be voting in November for Donald Trump, who has the backing of white supremacist groups. While some people are wrongly taking advantage of the protests to riot, itâs also wrong to call black people âanimalsâ or âsavagesâ or the N-word. Tensions are already high enough as it is. Adding this kind of racism to the mix wonât help settle things down. </mainText>
    <orientation>left</orientation>
    <paragraph>
        <end>90</end>
        <start>0</start>
    </paragraph>
    <paragraph>
        <end>269</end>
        <start>91</start>
    </paragraph>
    <paragraph>
        <end>480</end>
        <start>270</start>
    </paragraph>
    <paragraph>
        <end>613</end>
        <start>481</start>
    </paragraph>
    <paragraph>
        <end>667</end>
        <start>614</start>
    </paragraph>
    <paragraph>
        <end>668</end>
        <start>668</start>
    </paragraph>
    <paragraph>
        <end>708</end>
        <start>669</start>
    </paragraph>
    <paragraph>
        <end>840</end>
        <start>709</start>
    </paragraph>
    <paragraph>
        <end>884</end>
        <start>841</start>
    </paragraph>
    <paragraph>
        <end>885</end>
        <start>885</start>
    </paragraph>
    <paragraph>
        <end>1026</end>
        <start>886</start>
    </paragraph>
    <paragraph>
        <end>1073</end>
        <start>1027</start>
    </paragraph>
    <paragraph>
        <end>1074</end>
        <start>1074</start>
    </paragraph>
    <paragraph>
        <end>1123</end>
        <start>1075</start>
    </paragraph>
    <paragraph>
        <end>1183</end>
        <start>1124</start>
    </paragraph>
    <paragraph>
        <end>1184</end>
        <start>1184</start>
    </paragraph>
    <paragraph>
        <end>1321</end>
        <start>1185</start>
    </paragraph>
    <paragraph>
        <end>1362</end>
        <start>1322</start>
    </paragraph>
    <paragraph>
        <end>1363</end>
        <start>1363</start>
    </paragraph>
    <paragraph>
        <end>1503</end>
        <start>1364</start>
    </paragraph>
    <paragraph>
        <end>1559</end>
        <start>1504</start>
    </paragraph>
    <paragraph>
        <end>1560</end>
        <start>1560</start>
    </paragraph>
    <paragraph>
        <end>1675</end>
        <start>1561</start>
    </paragraph>
    <paragraph>
        <end>1725</end>
        <start>1676</start>
    </paragraph>
    <paragraph>
        <end>1726</end>
        <start>1726</start>
    </paragraph>
    <paragraph>
        <end>1817</end>
        <start>1727</start>
    </paragraph>
    <paragraph>
        <end>1818</end>
        <start>1818</start>
    </paragraph>
    <paragraph>
        <end>1819</end>
        <start>1819</start>
    </paragraph>
    <paragraph>
        <end>1946</end>
        <start>1820</start>
    </paragraph>
    <paragraph>
        <end>2217</end>
        <start>1947</start>
    </paragraph>
    <paragraph>
        <end>2218</end>
        <start>2218</start>
    </paragraph>
    <portal>addicting-info</portal>
    <quote>
        <end>666</end>
        <start>481</start>
    </quote>
    <quote>
        <end>883</end>
        <start>709</start>
    </quote>
    <quote>
        <end>1072</end>
        <start>886</start>
    </quote>
    <quote>
        <end>1182</end>
        <start>1075</start>
    </quote>
    <quote>
        <end>1361</end>
        <start>1185</start>
    </quote>
    <quote>
        <end>1558</end>
        <start>1364</start>
    </quote>
    <quote>
        <end>1724</end>
        <start>1561</start>
    </quote>
    <title>Racist Swarm Fox News In Response To Protests In Charlotte And Their Comments Are Deplorable</title>
    <uri>http://www.addictinginfo.org/2016/09/21/racist-swarm-fox-news-in-response-to-protests-in-charlotte-and-their-comments-are-deplorable/</uri>
    <veracity>mostly true</veracity>
</article>
