<?xml version="1.0" encoding="UTF-8" standalone="yes"?>
<article>
    <author>Sarah</author>
    <hyperlink href="https://twitter.com/1NatalieMaines/status/778760608711716865">
        <end>790</end>
        <start>772</start>
    </hyperlink>
    <hyperlink href="https://twitter.com/hashtag/skiddin?src=hash">
        <end>1112</end>
        <start>1104</start>
    </hyperlink>
    <hyperlink href="https://twitter.com/1NatalieMaines/status/778782918713962500">
        <end>790</end>
        <start>772</start>
    </hyperlink>
    <hyperlink href="https://twitter.com/giannaL">
        <end>1257</end>
        <start>1249</start>
    </hyperlink>
    <hyperlink href="https://twitter.com/1NatalieMaines/status/778782443356688384">
        <end>790</end>
        <start>772</start>
    </hyperlink>
    <hyperlink href="https://twitter.com/DCXn24Fan">
        <end>1385</end>
        <start>1375</start>
    </hyperlink>
    <hyperlink href="https://twitter.com/1NatalieMaines/status/778779709664526336">
        <end>790</end>
        <start>772</start>
    </hyperlink>
    <hyperlink href="https://twitter.com/mysheltieestate">
        <end>1536</end>
        <start>1520</start>
    </hyperlink>
    <hyperlink href="https://twitter.com/hochalicious">
        <end>1550</end>
        <start>1537</start>
    </hyperlink>
    <hyperlink href="https://twitter.com/1NatalieMaines/status/778785120937533441">
        <end>790</end>
        <start>772</start>
    </hyperlink>
    <hyperlink href="https://twitter.com/DarthPug">
        <end>1667</end>
        <start>1658</start>
    </hyperlink>
    <hyperlink href="https://twitter.com/1NatalieMaines/status/778793821459062784">
        <end>790</end>
        <start>772</start>
    </hyperlink>
    <mainText>With this presidential election being as absolutely bizarre as it is, sometimes itâs incredibly important to keep our sense of humor about us. One person who seems to being doing this very well is none other than Dixie Chicksâ Natalie Maines. As a woman whoâs never shied away from letting her opinion be known about politicians, Maines began by taking to Twitter to make a joke about her apparent issues with airline travel saying that sheâll vote for whoever makes the airline industry decent again. Although, she had one quick addendum to that statement: âBut only if itâs a Clinton.â At this point I might vote for whichever candidate promises to make the airline industry decent again. But only if it's Clintonð. â Natalie Maines (@1NatalieMaines) September 22, 2016  Then Maines went on to joke about the fact that not even George H.W. Bush can vote for Trump for president. Which for a Bush not to vote for a bad president to be in office is just utter irony. Even Bush won't vote for Trump! Which honestly has kind of turned my world around and forced me to rethink everything.#skiddin â Natalie Maines (@1NatalieMaines) September 22, 2016  She didnât stop there, however, in reply after reply, the jokes kept coming: @giannaL Oh no! Not at all! It's totally natural. For an Umpa Lumpa. â Natalie Maines (@1NatalieMaines) September 22, 2016  @DCXn24Fan OMG! That's even a better visual than him in a tanning bed. So presidential! â Natalie Maines (@1NatalieMaines) September 22, 2016  @mysheltieestate @hochalicious Actually it's also hands. And he has little ones. â Natalie Maines (@1NatalieMaines) September 22, 2016  @DarthPug Let's hope they forget to register. â Natalie Maines (@1NatalieMaines) September 22, 2016  And those are just a few of the replies. Maines was clearly on Twitter and ready to strike back at anyone or anything (if weâre talking about Trump supporters) that decided to reply to her tweets against him. And honestly, weâre all a little better for her wit and wisdom during this most troubling time. </mainText>
    <orientation>left</orientation>
    <paragraph>
        <end>246</end>
        <start>0</start>
    </paragraph>
    <paragraph>
        <end>565</end>
        <start>247</start>
    </paragraph>
    <paragraph>
        <end>601</end>
        <start>566</start>
    </paragraph>
    <paragraph>
        <end>704</end>
        <start>602</start>
    </paragraph>
    <paragraph>
        <end>734</end>
        <start>705</start>
    </paragraph>
    <paragraph>
        <end>790</end>
        <start>735</start>
    </paragraph>
    <paragraph>
        <end>791</end>
        <start>791</start>
    </paragraph>
    <paragraph>
        <end>985</end>
        <start>792</start>
    </paragraph>
    <paragraph>
        <end>1112</end>
        <start>986</start>
    </paragraph>
    <paragraph>
        <end>1168</end>
        <start>1113</start>
    </paragraph>
    <paragraph>
        <end>1169</end>
        <start>1169</start>
    </paragraph>
    <paragraph>
        <end>1248</end>
        <start>1170</start>
    </paragraph>
    <paragraph>
        <end>1298</end>
        <start>1249</start>
    </paragraph>
    <paragraph>
        <end>1317</end>
        <start>1299</start>
    </paragraph>
    <paragraph>
        <end>1373</end>
        <start>1318</start>
    </paragraph>
    <paragraph>
        <end>1374</end>
        <start>1374</start>
    </paragraph>
    <paragraph>
        <end>1462</end>
        <start>1375</start>
    </paragraph>
    <paragraph>
        <end>1518</end>
        <start>1463</start>
    </paragraph>
    <paragraph>
        <end>1519</end>
        <start>1519</start>
    </paragraph>
    <paragraph>
        <end>1600</end>
        <start>1520</start>
    </paragraph>
    <paragraph>
        <end>1656</end>
        <start>1601</start>
    </paragraph>
    <paragraph>
        <end>1657</end>
        <start>1657</start>
    </paragraph>
    <paragraph>
        <end>1703</end>
        <start>1658</start>
    </paragraph>
    <paragraph>
        <end>1759</end>
        <start>1704</start>
    </paragraph>
    <paragraph>
        <end>1760</end>
        <start>1760</start>
    </paragraph>
    <paragraph>
        <end>1801</end>
        <start>1761</start>
    </paragraph>
    <paragraph>
        <end>2069</end>
        <start>1802</start>
    </paragraph>
    <paragraph>
        <end>2070</end>
        <start>2070</start>
    </paragraph>
    <portal>addicting-info</portal>
    <quote>
        <end>600</end>
        <start>566</start>
    </quote>
    <quote>
        <end>789</end>
        <start>602</start>
    </quote>
    <quote>
        <end>1167</end>
        <start>986</start>
    </quote>
    <quote>
        <end>1372</end>
        <start>1249</start>
    </quote>
    <quote>
        <end>1517</end>
        <start>1375</start>
    </quote>
    <quote>
        <end>1655</end>
        <start>1520</start>
    </quote>
    <quote>
        <end>1758</end>
        <start>1658</start>
    </quote>
    <title>Dixie Chicksâ Natalie Maines Unleashes HILARIOUS Twitter Tirade Against Trump (TWEETS)</title>
    <uri>http://www.addictinginfo.org/2016/09/21/dixie-chicks-natalie-maines-unleashes-hilarious-twitter-tirade-against-trump-tweets/</uri>
    <veracity>mostly true</veracity>
</article>
