<?xml version="1.0" encoding="UTF-8" standalone="yes"?>
<article>
    <author>John Prager</author>
    <hyperlink href="https://twitter.com/hannahfc">
        <end>1713</end>
        <start>1704</start>
    </hyperlink>
    <hyperlink href="https://twitter.com/danmericaCNN">
        <end>1824</end>
        <start>1811</start>
    </hyperlink>
    <hyperlink href="https://twitter.com/abcactionnews">
        <end>1839</end>
        <start>1825</start>
    </hyperlink>
    <hyperlink href="https://twitter.com/davidgaliel/status/778814459007471616">
        <end>1898</end>
        <start>1880</start>
    </hyperlink>
    <hyperlink href="https://twitter.com/Women4Trump">
        <end>1912</end>
        <start>1900</start>
    </hyperlink>
    <hyperlink href="https://twitter.com/hannahfc">
        <end>1713</end>
        <start>1704</start>
    </hyperlink>
    <hyperlink href="https://twitter.com/dmartosko">
        <end>1933</end>
        <start>1923</start>
    </hyperlink>
    <hyperlink href="https://twitter.com/abcactionnews">
        <end>1839</end>
        <start>1825</start>
    </hyperlink>
    <hyperlink href="https://twitter.com/NakedPundit/status/779101474282409986">
        <end>1898</end>
        <start>1880</start>
    </hyperlink>
    <hyperlink href="https://twitter.com/hannahfc">
        <end>1713</end>
        <start>1704</start>
    </hyperlink>
    <hyperlink href="https://twitter.com/abcactionnews">
        <end>1839</end>
        <start>1825</start>
    </hyperlink>
    <hyperlink href="https://twitter.com/hugetinymistake/status/778819717146357760">
        <end>1898</end>
        <start>1880</start>
    </hyperlink>
    <hyperlink href="https://twitter.com/hannahfc">
        <end>1713</end>
        <start>1704</start>
    </hyperlink>
    <hyperlink href="https://twitter.com/danmericaCNN">
        <end>1824</end>
        <start>1811</start>
    </hyperlink>
    <hyperlink href="https://twitter.com/abcactionnews">
        <end>1839</end>
        <start>1825</start>
    </hyperlink>
    <hyperlink href="https://twitter.com/Vva10967/status/778836341043830785">
        <end>1898</end>
        <start>1880</start>
    </hyperlink>
    <hyperlink href="https://twitter.com/hannahfc">
        <end>1713</end>
        <start>1704</start>
    </hyperlink>
    <hyperlink href="https://twitter.com/danmericaCNN">
        <end>1824</end>
        <start>1811</start>
    </hyperlink>
    <hyperlink href="https://twitter.com/abcactionnews">
        <end>1839</end>
        <start>1825</start>
    </hyperlink>
    <hyperlink href="https://twitter.com/PWilliamson2006/status/778817527233122304">
        <end>1898</end>
        <start>1880</start>
    </hyperlink>
    <hyperlink href="https://twitter.com/hannahfc">
        <end>1713</end>
        <start>1704</start>
    </hyperlink>
    <hyperlink href="https://twitter.com/albamonica">
        <end>2538</end>
        <start>2527</start>
    </hyperlink>
    <hyperlink href="https://twitter.com/abcactionnews">
        <end>1839</end>
        <start>1825</start>
    </hyperlink>
    <hyperlink href="https://twitter.com/holtmapa/status/778936138127990785">
        <end>1898</end>
        <start>1880</start>
    </hyperlink>
    <hyperlink href="https://twitter.com/hannahfc">
        <end>1713</end>
        <start>1704</start>
    </hyperlink>
    <hyperlink href="https://twitter.com/danmericaCNN">
        <end>1824</end>
        <start>1811</start>
    </hyperlink>
    <hyperlink href="https://twitter.com/abcactionnews">
        <end>1839</end>
        <start>1825</start>
    </hyperlink>
    <hyperlink href="https://twitter.com/bartnbeka/status/778838478503092224">
        <end>1898</end>
        <start>1880</start>
    </hyperlink>
    <hyperlink href="https://twitter.com/SarinaFazanWFTS">
        <end>2911</end>
        <start>2895</start>
    </hyperlink>
    <hyperlink href="https://twitter.com/mattydean/status/779089584277905408">
        <end>1898</end>
        <start>1880</start>
    </hyperlink>
    <hyperlink href="http://thehill.com/blogs/ballot-box/presidential-races/295977-clinton-to-release-medical-records-this-hour-report">
        <end>3159</end>
        <start>3131</start>
    </hyperlink>
    <mainText>In case you have been living under a rock, we recently learned that Hillary Clinton is human through a series of reports about That One Time She Coughed and The Time She Got Pneumonia. Yes, somehow anytime Clinton gets the sniffles, the Right pounces on it, using anything and everything they can to push absolutely bonkers conspiracy theories about the former Secretary of Stateâs health (sheâs on her deathbed, donâtchaknow). During an interview with ACBâs Sarina Fazan Wednesday, the reporter asked Clinton perhaps one of the dumbest f*cking questions she has been asked regarding her health: if she would undergo âneurocognitive testsâ to appease inflated, only-existing-on-Trumpâs-side-of-the-aisle concerns about whether or not her presidency will be like a four-year-long edition of . HillaryÂ just laughed in her face. âIâm very sorry I got pneumonia, Iâm glad antibiotics took care of it, and thatâs behind us now,â the former Secretary of State said, somehow managing to avoid knocking the reporter for starting off by claiming 9/11 was âlast week.â Clinton explained that her health meets and exceeds the standards anyone else running for office has met, but Fazan was all âso, ummmm, you gonna take those tests?â âThereâs no need for that,â Clinton said firmly, surely wondering how the f*ck this woman got hired in the first place. âThe information is very clear.â  HillaryÂ wasnât the only person laughing at Fazan, who also beat the dead horse that is the email âscandal.â Twitter lit up with people mocking the reporter for having the gall to waste time during an exclusive interview badgering the 2016 Democratic nominee about her health: @hannahfc and you are reporting this nonsense as if it is legitimate. Is this why you became a journalist? @danmericaCNN @abcactionnews â (((David Galiel:-))) (@davidgaliel) September 22, 2016  @Women4Trump @hannahfc @dmartosko @abcactionnews her career needs to die a hideous death â Naked Punditry (@NakedPundit) September 22, 2016  @hannahfc @abcactionnews oh jesus christ â Chris (@hugetinymistake) September 22, 2016  @hannahfc @danmericaCNN @abcactionnews No wonder media has an even higher negative rating than Trump these days. What dumb question! â Violetta Argueta (@Vva10967) September 22, 2016  @hannahfc @danmericaCNN @abcactionnews Wanna ask her if she covered up benghazi next? Any other conspiracy theories yall wanna fan flames of â P. Williamson (@PWilliamson2006) September 22, 2016  @hannahfc @albamonica @abcactionnews Has this reporter asked Trump if he'll undergo psychological tests? At least it's OBVIOUS he needs to. â Peggy Holtman (@holtmapa) September 22, 2016  @hannahfc @danmericaCNN @abcactionnews Sarina who (?) had the fuckingâ¦â¦you asked her WHAT??? Go back to school. Find a new career. â (((bartnbeka))) (@bartnbeka) September 22, 2016  @SarinaFazanWFTS Well at least people are talking about you for awhile even if it's for being a terrible journalist. Enjoy it while it lasts â mattydean (@mattydean) September 22, 2016  As some pointed out to this simpleton, HillaryÂ released her medical records just after the 9/11 anniversary, which was more than a week ago. She was diagnosed with a âmild, non-contagious bacterial pneumonia,â was given antibiotics, and had to practically be tied down to keep her from rushing back out on the campaign trail because she has traditionally insisted on being f*cking Superwoman. Whatâs next? Gonna ask her about Benghazi? Maybe she knowsÂ where ObamaâsÂ  birth certificate is hidden. Could she have some inside information on a second gunman involved in the JFK assassination? </mainText>
    <orientation>left</orientation>
    <paragraph>
        <end>433</end>
        <start>0</start>
    </paragraph>
    <paragraph>
        <end>805</end>
        <start>434</start>
    </paragraph>
    <paragraph>
        <end>1256</end>
        <start>806</start>
    </paragraph>
    <paragraph>
        <end>1419</end>
        <start>1257</start>
    </paragraph>
    <paragraph>
        <end>1420</end>
        <start>1420</start>
    </paragraph>
    <paragraph>
        <end>1703</end>
        <start>1421</start>
    </paragraph>
    <paragraph>
        <end>1839</end>
        <start>1704</start>
    </paragraph>
    <paragraph>
        <end>1898</end>
        <start>1840</start>
    </paragraph>
    <paragraph>
        <end>1899</end>
        <start>1899</start>
    </paragraph>
    <paragraph>
        <end>1988</end>
        <start>1900</start>
    </paragraph>
    <paragraph>
        <end>2041</end>
        <start>1989</start>
    </paragraph>
    <paragraph>
        <end>2042</end>
        <start>2042</start>
    </paragraph>
    <paragraph>
        <end>2083</end>
        <start>2043</start>
    </paragraph>
    <paragraph>
        <end>2131</end>
        <start>2084</start>
    </paragraph>
    <paragraph>
        <end>2132</end>
        <start>2132</start>
    </paragraph>
    <paragraph>
        <end>2265</end>
        <start>2133</start>
    </paragraph>
    <paragraph>
        <end>2317</end>
        <start>2266</start>
    </paragraph>
    <paragraph>
        <end>2318</end>
        <start>2318</start>
    </paragraph>
    <paragraph>
        <end>2459</end>
        <start>2319</start>
    </paragraph>
    <paragraph>
        <end>2515</end>
        <start>2460</start>
    </paragraph>
    <paragraph>
        <end>2516</end>
        <start>2516</start>
    </paragraph>
    <paragraph>
        <end>2656</end>
        <start>2517</start>
    </paragraph>
    <paragraph>
        <end>2705</end>
        <start>2657</start>
    </paragraph>
    <paragraph>
        <end>2706</end>
        <start>2706</start>
    </paragraph>
    <paragraph>
        <end>2841</end>
        <start>2707</start>
    </paragraph>
    <paragraph>
        <end>2893</end>
        <start>2842</start>
    </paragraph>
    <paragraph>
        <end>2894</end>
        <start>2894</start>
    </paragraph>
    <paragraph>
        <end>3035</end>
        <start>2895</start>
    </paragraph>
    <paragraph>
        <end>3081</end>
        <start>3036</start>
    </paragraph>
    <paragraph>
        <end>3082</end>
        <start>3082</start>
    </paragraph>
    <paragraph>
        <end>3480</end>
        <start>3083</start>
    </paragraph>
    <paragraph>
        <end>3682</end>
        <start>3481</start>
    </paragraph>
    <paragraph>
        <end>3683</end>
        <start>3683</start>
    </paragraph>
    <portal>addicting-info</portal>
    <quote>
        <end>1897</end>
        <start>1704</start>
    </quote>
    <quote>
        <end>2040</end>
        <start>1900</start>
    </quote>
    <quote>
        <end>2130</end>
        <start>2043</start>
    </quote>
    <quote>
        <end>2316</end>
        <start>2133</start>
    </quote>
    <quote>
        <end>2514</end>
        <start>2319</start>
    </quote>
    <quote>
        <end>2704</end>
        <start>2517</start>
    </quote>
    <quote>
        <end>2892</end>
        <start>2707</start>
    </quote>
    <quote>
        <end>3080</end>
        <start>2895</start>
    </quote>
    <title>Hillary Literally Laughs In The Face Of Reporter Who Pushes Insane Health Conspiracies (VIDEO)</title>
    <uri>http://www.addictinginfo.org/2016/09/23/hillary-literally-laughs-in-the-face-of-reporter-who-pushes-insane-health-conspiracies-video/</uri>
    <veracity>mostly true</veracity>
</article>
