<?xml version="1.0" encoding="UTF-8" standalone="yes"?>
<article>
    <author>Stephen D Foster Jr</author>
    <hyperlink href="https://t.co/A4RwUHYR5z">
        <end>1092</end>
        <start>1069</start>
    </hyperlink>
    <hyperlink href="https://t.co/vvhgrtxoYu">
        <end>1119</end>
        <start>1093</start>
    </hyperlink>
    <hyperlink href="https://twitter.com/ABC/status/779316003620712448">
        <end>1156</end>
        <start>1138</start>
    </hyperlink>
    <hyperlink href="https://twitter.com/ABC">
        <end>1136</end>
        <start>1132</start>
    </hyperlink>
    <hyperlink href="https://twitter.com/hashtag/TrumpPence16?src=hash">
        <end>1362</end>
        <start>1349</start>
    </hyperlink>
    <hyperlink href="https://twitter.com/hashtag/MakeAmericaGreatAgain?src=hash">
        <end>1385</end>
        <start>1363</start>
    </hyperlink>
    <hyperlink href="https://twitter.com/LadyChantie/status/779323461449740288">
        <end>1156</end>
        <start>1138</start>
    </hyperlink>
    <hyperlink href="https://twitter.com/ABC">
        <end>1136</end>
        <start>1132</start>
    </hyperlink>
    <hyperlink href="https://twitter.com/thumbug/status/779317319163981825">
        <end>1156</end>
        <start>1138</start>
    </hyperlink>
    <hyperlink href="https://twitter.com/ABC">
        <end>1136</end>
        <start>1132</start>
    </hyperlink>
    <hyperlink href="https://twitter.com/MikeVanPatten4/status/779320153808842752">
        <end>1156</end>
        <start>1138</start>
    </hyperlink>
    <hyperlink href="https://twitter.com/ABC">
        <end>1136</end>
        <start>1132</start>
    </hyperlink>
    <hyperlink href="https://twitter.com/Antone18/status/779323356512411648">
        <end>1156</end>
        <start>1138</start>
    </hyperlink>
    <hyperlink href="https://twitter.com/ABC">
        <end>1136</end>
        <start>1132</start>
    </hyperlink>
    <hyperlink href="https://twitter.com/Asherzz09/status/779317713327968256">
        <end>1156</end>
        <start>1138</start>
    </hyperlink>
    <hyperlink href="https://twitter.com/ABC">
        <end>1136</end>
        <start>1132</start>
    </hyperlink>
    <hyperlink href="https://twitter.com/Dcoffey56Donna/status/779322225535094785">
        <end>1156</end>
        <start>1138</start>
    </hyperlink>
    <hyperlink href="https://twitter.com/ABC">
        <end>1136</end>
        <start>1132</start>
    </hyperlink>
    <hyperlink href="https://twitter.com/JohnStefanyszyn/status/779317820144357376">
        <end>1156</end>
        <start>1138</start>
    </hyperlink>
    <hyperlink href="https://twitter.com/ABC">
        <end>1136</end>
        <start>1132</start>
    </hyperlink>
    <hyperlink href="https://twitter.com/BevCross1/status/779317004691996672">
        <end>1156</end>
        <start>1138</start>
    </hyperlink>
    <hyperlink href="https://twitter.com/ABC">
        <end>1136</end>
        <start>1132</start>
    </hyperlink>
    <hyperlink href="https://twitter.com/hashtag/GOTRUMP?src=hash">
        <end>2532</end>
        <start>2524</start>
    </hyperlink>
    <hyperlink href="https://twitter.com/janeewc/status/779321912585510912">
        <end>1156</end>
        <start>1138</start>
    </hyperlink>
    <mainText>If you want to watch a conservative throw a temper tantrum just mention slavery and grab your popcorn. Because when First Lady Michelle Obama talked about slavery and the great progress our country has made since the Civil War during an interview at the new Smithsonian Institution’s National Museum of African American History and Culture, conservatives took to Twitter to whine. Mrs. Obama told host Robin Roberts about how she feels about visiting the museum, which opens this weekend. And one of the things that struck her the most is the fact that a lot of the history the museum presents happened during the lives of the three generations of her family who visited the museum that day. And she expressed astonishment at how fast progress has been made. “When you think about the fact that my great-great grandfather was a slave and today I live in the White House, that progress is huge and it’s fast,” the First Lady said. Here’s the video via Twitter. FLOTUS: “My great-great grandfather was a slave and today I live in the White House. That progress is huge.” https://t.co/A4RwUHYR5z pic.twitter.com/vvhgrtxoYu — ABC News (@ABC) September 23, 2016  But, of course, conservatives lost their shit and displayed their hatred in the comments. @ABC And the sooner that Mooch and Obummer get out of the White house and Trump gets in, the better! #TrumpPence16 #MakeAmericaGreatAgain — Chantie Huffines (@LadyChantie) September 23, 2016  @ABC But, you keep the narrative going that all white people, except Clintons, are racist. — Deporable &amp; watsit2u (@thumbug) September 23, 2016  @ABC The country is more racist than ever since The Obamas entered the White House. They have a bitter resentment for White People — Mike Van Patten (@MikeVanPatten4) September 23, 2016  @ABC So why are the democrats trying to send race relations back to the sixties? — Deplorable Voter (@Antone18) September 23, 2016  @ABC Keep driving racial segregation down our throats, ABC. These types of post should sure give you more “peaceful” protest to cover. — Ashton Allen (@Asherzz09) September 23, 2016  @ABC MOVE OUT BIMBO — Donna Coffey (@Dcoffey56Donna) September 23, 2016  @ABC Lord Jesus said to do good as bondmen. — John Stefanyszyn (@JohnStefanyszyn) September 23, 2016  @ABC And we can thank the Republican Party for that. It certainly wasn’t the Democrats. — Bev Cross (@BevCross1) September 23, 2016  @ABC then they managed to set us back decades by generating a racial divide n bringing anarchy among the people… awesome job NOT #GOTRUMP — Jane callaway (@janeewc) September 23, 2016  And while it is true that the early Republican Party freed the slaves, it was at a time when Republicans were liberals and Democrats were conservatives. The two parties have flipped since then. Democrats have since become the defenders of Civil Rights who continue to fight for racial equality and social justice while Republicans pandered to white racists in the South and have become dominated by white supremacists who desperately want to roll back any and all progress African-Americans have made in this country. If Republicans have to go back 150 years to find one good thing the party did for African-Americans that’s really embarrassing and says a lot about what the party has become. </mainText>
    <orientation>left</orientation>
    <paragraph>
        <end>102</end>
        <start>0</start>
    </paragraph>
    <paragraph>
        <end>380</end>
        <start>103</start>
    </paragraph>
    <paragraph>
        <end>758</end>
        <start>381</start>
    </paragraph>
    <paragraph>
        <end>929</end>
        <start>759</start>
    </paragraph>
    <paragraph>
        <end>959</end>
        <start>930</start>
    </paragraph>
    <paragraph>
        <end>1119</end>
        <start>960</start>
    </paragraph>
    <paragraph>
        <end>1156</end>
        <start>1120</start>
    </paragraph>
    <paragraph>
        <end>1157</end>
        <start>1157</start>
    </paragraph>
    <paragraph>
        <end>1247</end>
        <start>1158</start>
    </paragraph>
    <paragraph>
        <end>1385</end>
        <start>1248</start>
    </paragraph>
    <paragraph>
        <end>1438</end>
        <start>1386</start>
    </paragraph>
    <paragraph>
        <end>1439</end>
        <start>1439</start>
    </paragraph>
    <paragraph>
        <end>1530</end>
        <start>1440</start>
    </paragraph>
    <paragraph>
        <end>1583</end>
        <start>1531</start>
    </paragraph>
    <paragraph>
        <end>1584</end>
        <start>1584</start>
    </paragraph>
    <paragraph>
        <end>1715</end>
        <start>1585</start>
    </paragraph>
    <paragraph>
        <end>1770</end>
        <start>1716</start>
    </paragraph>
    <paragraph>
        <end>1771</end>
        <start>1771</start>
    </paragraph>
    <paragraph>
        <end>1852</end>
        <start>1772</start>
    </paragraph>
    <paragraph>
        <end>1902</end>
        <start>1853</start>
    </paragraph>
    <paragraph>
        <end>1903</end>
        <start>1903</start>
    </paragraph>
    <paragraph>
        <end>2038</end>
        <start>1904</start>
    </paragraph>
    <paragraph>
        <end>2085</end>
        <start>2039</start>
    </paragraph>
    <paragraph>
        <end>2086</end>
        <start>2086</start>
    </paragraph>
    <paragraph>
        <end>2106</end>
        <start>2087</start>
    </paragraph>
    <paragraph>
        <end>2158</end>
        <start>2107</start>
    </paragraph>
    <paragraph>
        <end>2159</end>
        <start>2159</start>
    </paragraph>
    <paragraph>
        <end>2203</end>
        <start>2160</start>
    </paragraph>
    <paragraph>
        <end>2260</end>
        <start>2204</start>
    </paragraph>
    <paragraph>
        <end>2261</end>
        <start>2261</start>
    </paragraph>
    <paragraph>
        <end>2349</end>
        <start>2262</start>
    </paragraph>
    <paragraph>
        <end>2393</end>
        <start>2350</start>
    </paragraph>
    <paragraph>
        <end>2394</end>
        <start>2394</start>
    </paragraph>
    <paragraph>
        <end>2532</end>
        <start>2395</start>
    </paragraph>
    <paragraph>
        <end>2578</end>
        <start>2533</start>
    </paragraph>
    <paragraph>
        <end>2579</end>
        <start>2579</start>
    </paragraph>
    <paragraph>
        <end>3097</end>
        <start>2580</start>
    </paragraph>
    <paragraph>
        <end>3272</end>
        <start>3098</start>
    </paragraph>
    <paragraph>
        <end>3273</end>
        <start>3273</start>
    </paragraph>
    <portal>addicting-info</portal>
    <quote>
        <end>907</end>
        <start>760</start>
    </quote>
    <quote>
        <end>1067</end>
        <start>969</start>
    </quote>
    <quote>
        <end>2019</end>
        <start>2011</start>
    </quote>
    <quote>
        <end>1155</end>
        <start>960</start>
    </quote>
    <quote>
        <end>1437</end>
        <start>1248</start>
    </quote>
    <quote>
        <end>1582</end>
        <start>1440</start>
    </quote>
    <quote>
        <end>1769</end>
        <start>1585</start>
    </quote>
    <quote>
        <end>1901</end>
        <start>1772</start>
    </quote>
    <quote>
        <end>2084</end>
        <start>1904</start>
    </quote>
    <quote>
        <end>2157</end>
        <start>2087</start>
    </quote>
    <quote>
        <end>2259</end>
        <start>2160</start>
    </quote>
    <quote>
        <end>2392</end>
        <start>2262</start>
    </quote>
    <quote>
        <end>2577</end>
        <start>2395</start>
    </quote>
    <title>Conservatives Throw A Hissy Fit Because Michelle Obama Talked About Slavery At Black History Museum</title>
    <uri>http://author.addictinginfo.org/2016/09/23/conservatives-throw-a-hissy-fit-because-michelle-obama-talked-about-slavery-at-black-history-museum/</uri>
    <veracity>mostly true</veracity>
</article>
