<?xml version="1.0" encoding="UTF-8" standalone="yes"?>
<article>
    <author>Justin Acuff (Isaacs)</author>
    <hyperlink href="https://t.co/axe58zCeJL">
        <end>140</end>
        <start>117</start>
    </hyperlink>
    <hyperlink href="https://twitter.com/hashtag/debatenight?src=hash">
        <end>153</end>
        <start>141</start>
    </hyperlink>
    <hyperlink href="https://twitter.com/hashtag/Debates2016?src=hash">
        <end>166</end>
        <start>154</start>
    </hyperlink>
    <hyperlink href="https://t.co/KTgdWAvaAb">
        <end>193</end>
        <start>167</start>
    </hyperlink>
    <hyperlink href="https://twitter.com/giphy/status/780595027055669248">
        <end>231</end>
        <start>213</start>
    </hyperlink>
    <mainText>Thereâs not much to say here. GIPHY killed it with this one: Â  When someone goes on a rant but you have receipts. https://t.co/axe58zCeJL #debatenight #Debates2016 pic.twitter.com/KTgdWAvaAb â GIPHY (@giphy) September 27, 2016  Photo by Justin Sullivan/Getty Images</mainText>
    <orientation>left</orientation>
    <paragraph>
        <end>62</end>
        <start>0</start>
    </paragraph>
    <paragraph>
        <end>65</end>
        <start>63</start>
    </paragraph>
    <paragraph>
        <end>193</end>
        <start>66</start>
    </paragraph>
    <paragraph>
        <end>231</end>
        <start>194</start>
    </paragraph>
    <paragraph>
        <end>232</end>
        <start>232</start>
    </paragraph>
    <paragraph>
        <end>270</end>
        <start>233</start>
    </paragraph>
    <portal>addicting-info</portal>
    <quote>
        <end>230</end>
        <start>66</start>
    </quote>
    <title>Hereâs The Entire Debate Wrapped Up In One PERFECT GIF</title>
    <uri>http://addictinginfo.org/2016/09/26/heres-the-entire-debate-wrapped-up-in-one-perfect-gif/</uri>
    <veracity>no factual content</veracity>
</article>
