<?xml version="1.0" encoding="UTF-8" standalone="yes"?>
<article>
    <author>Rika Christensen</author>
    <hyperlink href="http://www.cnn.com/2016/09/27/politics/hillary-clinton-donald-trump-debate-poll/index.html">
        <end>80</end>
        <start>62</start>
    </hyperlink>
    <hyperlink href="https://twitter.com/HuffingtonPost/status/780858843131772928">
        <end>454</end>
        <start>436</start>
    </hyperlink>
    <hyperlink href="http://www.dailydot.com/layer8/trump-clinton-debate-online-polls-4chan-the-donald/">
        <end>966</end>
        <start>927</start>
    </hyperlink>
    <hyperlink href="https://twitter.com/HuffingtonPost">
        <end>434</end>
        <start>419</start>
    </hyperlink>
    <hyperlink href="https://twitter.com/hashtag/Trumpwins?src=hash">
        <end>1166</end>
        <start>1156</start>
    </hyperlink>
    <hyperlink href="https://twitter.com/Jimbags12/status/780861864498589727">
        <end>454</end>
        <start>436</start>
    </hyperlink>
    <hyperlink href="https://twitter.com/HuffingtonPost">
        <end>434</end>
        <start>419</start>
    </hyperlink>
    <hyperlink href="https://twitter.com/Timothyjsims2/status/780859553189601283">
        <end>454</end>
        <start>436</start>
    </hyperlink>
    <hyperlink href="https://twitter.com/HuffingtonPost">
        <end>434</end>
        <start>419</start>
    </hyperlink>
    <hyperlink href="https://t.co/0KxxsNnMh5">
        <end>1441</end>
        <start>1415</start>
    </hyperlink>
    <hyperlink href="https://twitter.com/KeyMrB/status/780860349750906880">
        <end>454</end>
        <start>436</start>
    </hyperlink>
    <hyperlink href="https://twitter.com/HuffingtonPost">
        <end>434</end>
        <start>419</start>
    </hyperlink>
    <hyperlink href="https://t.co/CsOON8nF3Y">
        <end>1600</end>
        <start>1574</start>
    </hyperlink>
    <hyperlink href="https://twitter.com/z3no_of_citium/status/780866109528498176">
        <end>454</end>
        <start>436</start>
    </hyperlink>
    <hyperlink href="https://twitter.com/CNN">
        <end>2003</end>
        <start>1999</start>
    </hyperlink>
    <hyperlink href="https://twitter.com/realDonaldTrump/status/780757611914391552">
        <end>454</end>
        <start>436</start>
    </hyperlink>
    <hyperlink href="https://twitter.com/hashtag/TrumpWon?src=hash">
        <end>2115</end>
        <start>2106</start>
    </hyperlink>
    <hyperlink href="https://twitter.com/realDonaldTrump/status/780758306239512577">
        <end>454</end>
        <start>436</start>
    </hyperlink>
    <hyperlink href="https://twitter.com/hashtag/AmericaFirst?src=hash">
        <end>2275</end>
        <start>2262</start>
    </hyperlink>
    <hyperlink href="https://twitter.com/hashtag/MAGA?src=hash">
        <end>2281</end>
        <start>2276</start>
    </hyperlink>
    <hyperlink href="https://twitter.com/hashtag/ImWithYou?src=hash">
        <end>2292</end>
        <start>2282</start>
    </hyperlink>
    <hyperlink href="https://t.co/3KWOl2ibaW">
        <end>2315</end>
        <start>2292</start>
    </hyperlink>
    <hyperlink href="https://t.co/sfCEE3I5pF">
        <end>2342</end>
        <start>2316</start>
    </hyperlink>
    <hyperlink href="https://twitter.com/realDonaldTrump/status/780796008854876160">
        <end>454</end>
        <start>436</start>
    </hyperlink>
    <hyperlink href="http://www.dailymail.co.uk/news/article-3809204/Most-snap-polls-Trump-winning-debate-landslide.html">
        <end>2425</end>
        <start>2413</start>
    </hyperlink>
    <mainText>The earliest actual poll to come out of last nightâs debate was a CNN/ORC poll showing that 62 percent of respondents believed Hillary had won the debate. However, there are a ton of polls that were conducted online that say Trump won in a landslide. How can that be? Hereâs to answer that question: Are polls like this an accurate measure of how the electorate responded to Mondayâs debate? â Huffington Post (@HuffingtonPost) September 27, 2016  Why is this obvious joke of a poll so damning for all the online polls claiming Trump destroyed Hillary? Because this shows how online polls are meaningless. CNN actually contacted people. Anybody and everybody can answer an online poll. The results generally skew heavily to one side or the other, depending on the outletâs usual audience and which organizations/social media channels post poll links. Thereâs also the fact that Trumpkins from both 4chan and Reddit were stuffing last nightâs poll boxes, proving how easy it is to manipulate online polls. Of course, the Trumpkins arenât happy with at all for blowing those delusions out of the water: @HuffingtonPost someoneâs upset that #Trumpwins â Jim (@Jimbags12) September 27, 2016  @HuffingtonPost are middle schoolers doing reporting for you guys? â Timothy j. sims (@Timothyjsims2) September 27, 2016  Hope no one at Clemson got triggered for seeing this racist tweet. @HuffingtonPost pic.twitter.com/0KxxsNnMh5 â Michael Benson (@KeyMrB) September 27, 2016  @HuffingtonPost Please vote Hillary or else Bill Clinton will do things to me ð¢ pic.twitter.com/CsOON8nF3Y â Pneumonia WarMachine (@z3no_of_citium) September 27, 2016  And, obviously, we can always count on Trump himself to only tout the polls that say he won, because anything that doesnât show him as the winner, as the god he wants to be, is biased and unfair, and, well, who cares about those outlets anyway: I won every poll from last nights Presidential Debate â except for the little watched @CNN poll. â Donald J. Trump (@realDonaldTrump) September 27, 2016  The #1 trend on Twitter right now is #TrumpWon â thank you! â Donald J. Trump (@realDonaldTrump) September 27, 2016  Such a great honor. Final debate polls are in â and the MOVEMENT wins!#AmericaFirst #MAGA #ImWithYouhttps://t.co/3KWOl2ibaW pic.twitter.com/sfCEE3I5pF â Donald J. Trump (@realDonaldTrump) September 27, 2016  He tweeted a story from the too, that carries a headline saying, âMajority of snap polls show Trump won debate by a landslide despite CNNâs overwhelming victory for Hillary in biggest official survey.â They actually looks like theyâre calling the results of the CNN poll into question with screencaps of every online poll in existence. Self-selecting polls aside, the result is pretty damn clear. Hillary won. </mainText>
    <orientation>left</orientation>
    <paragraph>
        <end>269</end>
        <start>0</start>
    </paragraph>
    <paragraph>
        <end>303</end>
        <start>270</start>
    </paragraph>
    <paragraph>
        <end>397</end>
        <start>304</start>
    </paragraph>
    <paragraph>
        <end>454</end>
        <start>398</start>
    </paragraph>
    <paragraph>
        <end>455</end>
        <start>455</start>
    </paragraph>
    <paragraph>
        <end>860</end>
        <start>456</start>
    </paragraph>
    <paragraph>
        <end>1018</end>
        <start>861</start>
    </paragraph>
    <paragraph>
        <end>1116</end>
        <start>1019</start>
    </paragraph>
    <paragraph>
        <end>1166</end>
        <start>1117</start>
    </paragraph>
    <paragraph>
        <end>1206</end>
        <start>1167</start>
    </paragraph>
    <paragraph>
        <end>1207</end>
        <start>1207</start>
    </paragraph>
    <paragraph>
        <end>1274</end>
        <start>1208</start>
    </paragraph>
    <paragraph>
        <end>1330</end>
        <start>1275</start>
    </paragraph>
    <paragraph>
        <end>1331</end>
        <start>1331</start>
    </paragraph>
    <paragraph>
        <end>1441</end>
        <start>1332</start>
    </paragraph>
    <paragraph>
        <end>1489</end>
        <start>1442</start>
    </paragraph>
    <paragraph>
        <end>1490</end>
        <start>1490</start>
    </paragraph>
    <paragraph>
        <end>1600</end>
        <start>1491</start>
    </paragraph>
    <paragraph>
        <end>1662</end>
        <start>1601</start>
    </paragraph>
    <paragraph>
        <end>1663</end>
        <start>1663</start>
    </paragraph>
    <paragraph>
        <end>1910</end>
        <start>1664</start>
    </paragraph>
    <paragraph>
        <end>2009</end>
        <start>1911</start>
    </paragraph>
    <paragraph>
        <end>2067</end>
        <start>2010</start>
    </paragraph>
    <paragraph>
        <end>2068</end>
        <start>2068</start>
    </paragraph>
    <paragraph>
        <end>2130</end>
        <start>2069</start>
    </paragraph>
    <paragraph>
        <end>2188</end>
        <start>2131</start>
    </paragraph>
    <paragraph>
        <end>2189</end>
        <start>2189</start>
    </paragraph>
    <paragraph>
        <end>2342</end>
        <start>2190</start>
    </paragraph>
    <paragraph>
        <end>2400</end>
        <start>2343</start>
    </paragraph>
    <paragraph>
        <end>2401</end>
        <start>2401</start>
    </paragraph>
    <paragraph>
        <end>2745</end>
        <start>2402</start>
    </paragraph>
    <paragraph>
        <end>2819</end>
        <start>2746</start>
    </paragraph>
    <paragraph>
        <end>2820</end>
        <start>2820</start>
    </paragraph>
    <portal>addicting-info</portal>
    <quote>
        <end>453</end>
        <start>304</start>
    </quote>
    <quote>
        <end>1205</end>
        <start>1117</start>
    </quote>
    <quote>
        <end>1329</end>
        <start>1208</start>
    </quote>
    <quote>
        <end>1488</end>
        <start>1332</start>
    </quote>
    <quote>
        <end>1661</end>
        <start>1491</start>
    </quote>
    <quote>
        <end>2066</end>
        <start>1911</start>
    </quote>
    <quote>
        <end>2187</end>
        <start>2069</start>
    </quote>
    <quote>
        <end>2399</end>
        <start>2190</start>
    </quote>
    <title>HuffPo Just Dropped The Mic On Internet Polls Saying Trump Crushed Hillary In Last Nightâs Debate</title>
    <uri>http://addictinginfo.org/2016/09/27/huffpo-just-dropped-the-mic-on-internet-polls-saying-trump-crushed-hillary-in-last-nights-debate/</uri>
    <veracity>mostly true</veracity>
</article>
