<?xml version="1.0" encoding="UTF-8" standalone="yes"?>
<article>
    <author>By Joyce Tseng and Eli Watkins, CNN</author>
    <mainText>Washington (CNN) Vigo County, Indiana, is used to getting its way in presidential elections. Since 1956, no presidential candidate has won the national popular vote without winning this county. So when people talk about bellwether counties, this is what they mean. It's not exactly representative of the rest of the country, but in its own way, Vigo County has followed national political trends more than anywhere else. Population Look, a bellwether Representation Popularity Top searches Who's searching? Trending Searches by candidate </mainText>
    <orientation>mainstream</orientation>
    <paragraph>
        <end>16</end>
        <start>0</start>
    </paragraph>
    <paragraph>
        <end>264</end>
        <start>17</start>
    </paragraph>
    <paragraph>
        <end>420</end>
        <start>265</start>
    </paragraph>
    <paragraph>
        <end>431</end>
        <start>421</start>
    </paragraph>
    <paragraph>
        <end>450</end>
        <start>432</start>
    </paragraph>
    <paragraph>
        <end>465</end>
        <start>451</start>
    </paragraph>
    <paragraph>
        <end>476</end>
        <start>466</start>
    </paragraph>
    <paragraph>
        <end>489</end>
        <start>477</start>
    </paragraph>
    <paragraph>
        <end>506</end>
        <start>490</start>
    </paragraph>
    <paragraph>
        <end>515</end>
        <start>507</start>
    </paragraph>
    <paragraph>
        <end>537</end>
        <start>516</start>
    </paragraph>
    <paragraph>
        <end>538</end>
        <start>538</start>
    </paragraph>
    <portal>cnn</portal>
    <title>Critical counties: Vigo, Indiana, knows how to pick 'em</title>
    <uri>http://edition.cnn.com/2016/09/16/politics/critical-counties-vigo-indiana/index.html?sr=fbpol091916critical-counties-vigo-indiana0533AMVODtopLink&amp;linkId=28929702</uri>
    <veracity>mostly true</veracity>
</article>
