<?xml version="1.0" encoding="UTF-8" standalone="yes"?>
<article>
    <author>By Jeremy Diamond, CNN</author>
    <hyperlink href="http://money.cnn.com/2016/09/16/media/donald-trump-traveling-press-corps/">
        <end>2872</end>
        <start>2824</start>
    </hyperlink>
    <hyperlink href="http://www.cnn.com/2016/09/15/politics/donald-trump-obama-birther-united-states/">
        <end>4322</end>
        <start>4280</start>
    </hyperlink>
    <hyperlink href="http://www.cnn.com/2016/09/15/politics/donald-trump-medical-details-stamina/index.html">
        <end>5330</end>
        <start>5296</start>
    </hyperlink>
    <hyperlink href="http://www.cnn.com/2016/09/16/politics/donald-trump-hillary-clinton-guns-secret-service/index.html">
        <end>6184</end>
        <start>6139</start>
    </hyperlink>
    <mainText>Miami (CNN)A manufactured storyline. A promise of a "major statement." And an ulterior motive. Donald Trump on Friday pulled off his latest media stunt, scoring more than 20 minutes of free live TV time to tout the endorsement of more than a dozen veterans and to talk up his new hotel in Washington after he and his campaign had promised he would address his longstanding, controversial "birther" position. Then, he made a 67-word statement stating that he now believes President Barack Obama was born in the US, and quickly abandoned the podium -- leaving reporters bellowing questions into the ether. None of us were surprised. After all, Friday's circus was nothing short of standard operating procedure for the real estate mogul and his media-bashing campaign -- and just the latest example of how Trump fueled his political rise through his unparalleled mastery of the media. But this time, there weren't just a few shouted questions from reporters. Instead, Trump stepped away from the mic amid a cacophony of cheering supporters -- more than 100 of whom separated Trump from the press -- and reporters, some standing on chairs, shouting dozens of questions at the top of our lungs. "When did you change your mind about Obama being born in the US?" I shouted. "What took you so long to make this decision?" shouted another reporter. "Why won't you answer our questions?" And then, he's gone. Trump had just changed a signature position he's held for years with a few dozen words and no explanation of why he had suddenly changed his mind. And he also notched 51 days since his last news conference. The moment was emblematic of Trump's treatment of the press throughout the campaign -- particularly in the last 24 hours. Reporters covering this campaign -- as I have for the last 15 months -- have long grown used to Trump lobbing insults our way, shouts of "scum," "dishonest" and "disgusting" reverberating as thousands of his supporters, many of them snickering at the spectacle, turn toward the press pen, booing. Some of us have even come to expect a call from the would-be-president every so often to hear the candidate gripe about a particular article and shame us as "dishonest." But on Thursday night, Trump took his mistreatment of the press to new lows, taking the stage at a rally in New Hampshire moments before the traveling press corps' plane touched down in the state, and proceeding to mock us. "I have really good news for you. I just heard that the press is stuck on their airplane. They can't get there. I love it," Trump said, to his supporters' glee. We arrived for the last three minutes of his speech -- a circumstance caused by Trump's refusal to travel on the same plane as reporters covering his campaign, defying decades of precedent in the coverage of Democratic and Republican nominees. Trump boasts about dumping traveling press corps The event on Friday was his coup-de-grace. Having promised a "major statement," via Twitter, Trump talked up his hotel -- "under budget and ahead of schedule" -- and invited a parade of military veterans to come to the podium and tell the world why they were supporting Trump's presidential bid. The event was no longer about a Republican presidential nominee reversing his position on an issue supported by a fringe slice of America. It was about brave military men embracing this controversial figure, flaws and all. All the while, the cameras continued to roll, the remarks carried live on cable news in anticipation that Trump would clarify his position on birtherism as he had promised that morning. It's the kind of free, unfiltered media coverage that every politician dreams of, but few will ever grasp. Finally, after 28 minutes, Trump lifted the suspense and got to the point. He falsely claimed that his opponent Hillary Clinton "started the birther controversy" in 2008 and stated, matter-of-factly, that "President Barack Obama was born in the United States" -- something Obama proved beyond a shadow of a doubt in 2011 when he released his long-form birth certificate. He spent more time talking about his hotel than explaining how he was changing his position on the issue that skyrocketed him to national political prominence and earned him his earliest notes of support from the far-right. Trump laid his media trap the night before when his campaign put out a statement hours after a Washington Post interview published in which Trump declined to disavow his birther views. The interview took place a day earlier, but the campaign waited another day, until 12 hours before the event in Washington, to blast out a statement. It remains to be seen whether Trump's move helped him. CNN and Fox News cut away at points in the presentation. Networks spent the day talking about Trump's history as a birther. The Trump campaign had also previously billed a March campaign event as a possible news conference, only for the candidate to not take any questions. The event, which had been scheduled earlier, came just days after his campaign manager was accused of grabbing a reporter. Before Friday, the campaign's most recent deception came Wednesday when campaign advisers told reporters that Trump would not be releasing results of his latest medical exam on the "Dr. Oz" program. And then Trump did just that, with a reality show-style surprise. As we filed into the event hall for his rally Friday night, we were still nowhere closer to understanding why Trump had suddenly flip-flopped on birtherism. The campaign had ignored all our requests for comment. We hadn't had an opportunity to prod Trump on the when and why of his sudden change of heart, especially when he had declined to disavow the position just days earlier. But as we awaited the familiar sound of Lee Greenwood's "God Bless the USA," a more ominous tune played instead. It was a song from Broadway's "Les Misérables," the words "Les Deplorables" flashing on the screen above the stage, harkening to Clinton's comment about his supporters from earlier this month. I flicked at my iPhone, and powered on the video recorder. But moments later, Trump wondered aloud what would happen if Clinton's Secret Service detail were disarmed. And that was the news. </mainText>
    <orientation>mainstream</orientation>
    <paragraph>
        <end>94</end>
        <start>0</start>
    </paragraph>
    <paragraph>
        <end>407</end>
        <start>95</start>
    </paragraph>
    <paragraph>
        <end>603</end>
        <start>408</start>
    </paragraph>
    <paragraph>
        <end>630</end>
        <start>604</start>
    </paragraph>
    <paragraph>
        <end>881</end>
        <start>631</start>
    </paragraph>
    <paragraph>
        <end>1189</end>
        <start>882</start>
    </paragraph>
    <paragraph>
        <end>1266</end>
        <start>1190</start>
    </paragraph>
    <paragraph>
        <end>1339</end>
        <start>1267</start>
    </paragraph>
    <paragraph>
        <end>1377</end>
        <start>1340</start>
    </paragraph>
    <paragraph>
        <end>1605</end>
        <start>1378</start>
    </paragraph>
    <paragraph>
        <end>1727</end>
        <start>1606</start>
    </paragraph>
    <paragraph>
        <end>2194</end>
        <start>1728</start>
    </paragraph>
    <paragraph>
        <end>2418</end>
        <start>2195</start>
    </paragraph>
    <paragraph>
        <end>2579</end>
        <start>2419</start>
    </paragraph>
    <paragraph>
        <end>2823</end>
        <start>2580</start>
    </paragraph>
    <paragraph>
        <end>2872</end>
        <start>2824</start>
    </paragraph>
    <paragraph>
        <end>2915</end>
        <start>2873</start>
    </paragraph>
    <paragraph>
        <end>3391</end>
        <start>2916</start>
    </paragraph>
    <paragraph>
        <end>3577</end>
        <start>3392</start>
    </paragraph>
    <paragraph>
        <end>3684</end>
        <start>3578</start>
    </paragraph>
    <paragraph>
        <end>4055</end>
        <start>3685</start>
    </paragraph>
    <paragraph>
        <end>4279</end>
        <start>4056</start>
    </paragraph>
    <paragraph>
        <end>4614</end>
        <start>4280</start>
    </paragraph>
    <paragraph>
        <end>4793</end>
        <start>4615</start>
    </paragraph>
    <paragraph>
        <end>5066</end>
        <start>4794</start>
    </paragraph>
    <paragraph>
        <end>5331</end>
        <start>5067</start>
    </paragraph>
    <paragraph>
        <end>5712</end>
        <start>5332</start>
    </paragraph>
    <paragraph>
        <end>5825</end>
        <start>5713</start>
    </paragraph>
    <paragraph>
        <end>6018</end>
        <start>5826</start>
    </paragraph>
    <paragraph>
        <end>6077</end>
        <start>6019</start>
    </paragraph>
    <paragraph>
        <end>6208</end>
        <start>6078</start>
    </paragraph>
    <paragraph>
        <end>6209</end>
        <start>6209</start>
    </paragraph>
    <portal>cnn</portal>
    <quote>
        <end>69</end>
        <start>53</start>
    </quote>
    <quote>
        <end>396</end>
        <start>389</start>
    </quote>
    <quote>
        <end>1254</end>
        <start>1191</start>
    </quote>
    <quote>
        <end>1312</end>
        <start>1268</start>
    </quote>
    <quote>
        <end>1376</end>
        <start>1341</start>
    </quote>
    <quote>
        <end>1871</end>
        <start>1866</start>
    </quote>
    <quote>
        <end>1883</end>
        <start>1874</start>
    </quote>
    <quote>
        <end>1900</end>
        <start>1890</start>
    </quote>
    <quote>
        <end>2193</end>
        <start>2183</start>
    </quote>
    <quote>
        <end>2541</end>
        <start>2420</start>
    </quote>
    <quote>
        <end>2951</end>
        <start>2935</start>
    </quote>
    <quote>
        <end>3030</end>
        <start>2996</start>
    </quote>
    <quote>
        <end>3845</end>
        <start>3814</start>
    </quote>
    <quote>
        <end>3943</end>
        <start>3891</start>
    </quote>
    <quote>
        <end>5255</end>
        <start>5249</start>
    </quote>
    <quote>
        <end>5788</end>
        <start>5770</start>
    </quote>
    <quote>
        <end>5872</end>
        <start>5857</start>
    </quote>
    <quote>
        <end>5900</end>
        <start>5885</start>
    </quote>
    <title>Donald Trump's surreal Friday, from press row</title>
    <uri>http://edition.cnn.com/2016/09/17/politics/donald-trump-surreal-friday-press-row/index.html?sr=fbpol091916donald-trump-surreal-friday-press-row/0830AMVODtopLink&amp;linkId=28929734</uri>
    <veracity>mostly true</veracity>
</article>
