<?xml version="1.0" encoding="UTF-8" standalone="yes"?>
<article>
    <author>By CNN</author>
    <mainText>To listen to an audio podcast, mouse over the title and click Play. Open iTunes to download and subscribe to podcasts. CNN has the best political director in the business and every morning Monday through Friday David Chalian will lay out what you need to know from the campaign trail and the world of politics. Discover and share new apps. Follow us on @AppStore. Discover and share new music, movies, TV, books, and more. Follow us @iTunes and discover new iTunes Radio Stations and the music we love.</mainText>
    <orientation>mainstream</orientation>
    <paragraph>
        <end>118</end>
        <start>0</start>
    </paragraph>
    <paragraph>
        <end>310</end>
        <start>119</start>
    </paragraph>
    <paragraph>
        <end>339</end>
        <start>311</start>
    </paragraph>
    <paragraph>
        <end>363</end>
        <start>340</start>
    </paragraph>
    <paragraph>
        <end>422</end>
        <start>364</start>
    </paragraph>
    <paragraph>
        <end>502</end>
        <start>423</start>
    </paragraph>
    <portal>cnn</portal>
    <title>CNN's The Daily DC   </title>
    <uri>https://itunes.apple.com/us/podcast/cnns-the-daily-dc/id1155227507?mt=2&amp;linkId=28951518</uri>
    <veracity>mostly true</veracity>
</article>
