<?xml version="1.0" encoding="UTF-8" standalone="yes"?>
<article>
    <author>By Eric Bradner, CNN</author>
    <hyperlink href="http://podcast.cnn.com/daily-dc/episode/all/1TPkiHc76PcBQF/qmkd8l.html">
        <end>787</end>
        <start>710</start>
    </hyperlink>
    <hyperlink href="http://www.cnn.com/2016/09/19/politics/trump-supporters-working-class-white-kaiser-family-foundation-infographic/index.html">
        <end>2399</end>
        <start>2350</start>
    </hyperlink>
    <hyperlink href="http://www.cnn.com/2016/09/19/politics/john-kasich-reince-priebus-weaver/index.html">
        <end>3284</end>
        <start>3241</start>
    </hyperlink>
    <hyperlink href="http://www.cnn.com/2016/05/31/politics/donald-trump-political-attacks-hit-back-harder/index.html">
        <end>4949</end>
        <start>4897</start>
    </hyperlink>
    <hyperlink href="http://www.cnn.com/2016/09/19/politics/sheldon-adelson-2016-spending/index.html">
        <end>6720</end>
        <start>6652</start>
    </hyperlink>
    <hyperlink href="http://www.cnn.com/2015/12/08/politics/donald-trump-muslim-travel-ban-5-qs/">
        <end>6864</end>
        <start>6848</start>
    </hyperlink>
    <mainText>Washington (CNN)Republicans are preparing for the penalty phase of the 2016 election. The next Republican civil war came into greater focus over the weekend when party chairman Reince Priebus threw a thinly veiled warning at former GOP 2016ers who haven't yet endorsed Donald Trump: "Get on board" or face penalties if you ever seek the presidency again. The nudge -- aimed at Republicans such as John Kasich, Ted Cruz and Jeb Bush -- was no off-the-cuff expression of frustration. Several Republican party chairs in early voting states told CNN that Priebus has spent days talking about enforcing the pledge that all 17 GOP candidates signed at the outset of the 2016 primary to support the eventual nominee. Find out all you need to know for the 2016 election on "The Daily DC" podcast "I can't tell you how many people have asked me, 'What are you going to do about these candidates that are not keeping their promise?'" Iowa GOP chairman Jeff Kaufmann told CNN Monday. He said the Iowa state GOP receives 10 to 20 calls per week from rank-and-file Republicans wondering what, specifically, the party will do to force Kasich, Cruz and Bush to stick to their pledges and back Trump. "If I'm hearing it here from a state of 3 million, it must a megaphone there in DC," said Kaufmann, who has spoken with Priebus and other Republican officials about enforcing the pledge. "There's no wiggle room in terms of what that promise was, and it should be honored." A representative for Priebus didn't comment on the conversations. But his call for penalties wasn't widely embraced -- with the No. 2 House Republican breaking with Priebus Tuesday morning. "There's a better way to unite people. I'm not a big believer that punishment unites people," House Majority Leader Kevin McCarthy told reporters at a weekly session in the Capitol. The California Republican added, "If Hillary (Clinton) can't unite Republicans, I don't think anything can." Premature conversation? Of course, talk of penalties on candidates who might run in 2020 could be all for naught if Trump wins. The race between Trump and Clinton has narrowed dramatically in recent weeks, though the Democratic nominee still has more paths to the White House. But the episode underscores the frenzy that could consume the GOP if Trump loses the race and the party searches for a new direction. The anatomy of a white, working-class Trump voter "We're watching the trailer for the GOP civil war, out in theaters November 9," said a top Republican strategist, who asked not to be named to avoid openly feuding with Priebus. The penalty talk spilled into the open Sunday, when Priebus told John Dickerson on CBS' "Face the Nation" that members of the 2016 Republican presidential field who haven't yet abided by their pledge to back the eventual nominee and endorsed Trump need to "get on board." And for those who don't, he said future presidential bids won't "be that easy." "If a private entity puts forward a process and has agreement with the participants in that process, and those participants don't follow through with the promises that they made in that process," Priebus said, "what should a private party do about that if those same people come around in four or eight years?" Kasich's camp quickly zipped off a response accusing Priebus of putting party over principles. Kasich strategist John Weaver said the Ohio governor "will not be bullied by a Kenosha political operative that is unable to stand up for core principles or beliefs." Cruz brushed Priebus off Tuesday evening. "These are serious times. I think the last thing we need to worrying about is bickering between Republicans," he said. "My focus is on defeating Hillary Clinton and helping preserve a Senate Republican majority." The RNC's leverage Penalties, several Republicans said, would likely come from the national party in the form of restrictions on access to the Republican National Committee's data and voter files -- and potentially bans from primary debates. Individual states, though, likely couldn't keep candidates off their ballots. Still, Republicans cautioned that talk of penalizing pledge-breakers is aimed at nudging Kasich, Cruz, Bush and others to support Trump in 2016 -- not to handicap the party's presidential candidates in the future. Some said it's not even clear the RNC would have authority to impose the crackdown Priebus discussed. "Reince has simply posed a question to which there is no good answer yet -- and I'm not sure that the question deserves an answer. That's to be determined," said Matt Moore, the South Carolina GOP chairman. RNC spokeswoman Lindsay Walters declined to address the possibility of penalizing future presidential candidates who didn't abide by their pledges to support Trump. "We are focused on winning back the White House and maintaining our majorities in the House and Senate," Walters said in an email. Donald Trump opens the personal insult vault (again) While some party honchos like Kaufmann backed Priebus' warning shot, others -- including Ohio GOP chairman Matt Borges -- bristled. "No. This is not what we are all about as a party. Besides, let's stay focused on 2016 for the next 50 days," Borges tweeted Sunday night. Top Mitt Romney 2012 strategist Stuart Stevens tweeted: "So idea is most popular recent Republican governors of battleground states should run as independents? Great plan." RNC's handling of Trump The RNC's handling of Trump under Priebus will be on trial as the party picks a new chair -- or extends the Wisconsin operative's tenure -- shortly after the election. Then comes a swing-state governor's race in Virginia, followed by the midterm elections, where Trump's brand of populism could butt against more orthodox conservatives. And in 2020, the early stages of the Republican primary would be defined by how the candidates treated Trump. It would be the clearest differentiator of like-minded conservatives like Mike Pence, the Indiana governor who became Trump's running mate and chief defender, and Cruz, the Texas senator who was booed off stage for refusing to endorse Trump at his own nominating convention. "Assuming Trump loses, there'll be a really pitched battle for the heart and soul of the party," said Weaver, the Kasich strategist who wrote the scathing rebuttal to Priebus on Sunday. "You're going to have off-year elections, you're going to have midterms -- some of that will impact the defining of the party, clearly. But you won't have any new definition of it until there's a new nominee," Weaver said. "There's a broader debate ultimately about what the party stands for and where the country should go." Adelson to spend at least $45 million on 2016 races in boost for GOP Many Republicans still fault Priebus for failing to criticize Trump forcefully enough in late 2015, when he proposed a clearly unconstitutional ban of all Muslims from entering the United States, and believe the party could have done more to slow Trump's rise. They point out a particular irony: The party that insisted it couldn't intercede in the 2016 nominating contest is now threatening to use its leverage to undercut individual candidates in future races. Saul Anuzis, a former Michigan GOP chairman who helmed Cruz's state effort in the primary, defended pledge-breaking candidates, arguing that "circumstances change" -- a reference to the pledge's creation as a tool to keep Trump from launching an independent campaign. He said he doesn't see how Priebus could impose penalties on future presidential candidates. "There's no provisions in the RNC rules that allow anybody to punish anybody," Anuzis said. "The idea of doing that, I think, is extremely difficult, because you normally are looking toward the future, not the past." CNN's Deirdre Walsh and Manu Raju contributed to this report.</mainText>
    <orientation>mainstream</orientation>
    <paragraph>
        <end>85</end>
        <start>0</start>
    </paragraph>
    <paragraph>
        <end>354</end>
        <start>86</start>
    </paragraph>
    <paragraph>
        <end>709</end>
        <start>355</start>
    </paragraph>
    <paragraph>
        <end>787</end>
        <start>710</start>
    </paragraph>
    <paragraph>
        <end>972</end>
        <start>788</start>
    </paragraph>
    <paragraph>
        <end>1184</end>
        <start>973</start>
    </paragraph>
    <paragraph>
        <end>1457</end>
        <start>1185</start>
    </paragraph>
    <paragraph>
        <end>1523</end>
        <start>1458</start>
    </paragraph>
    <paragraph>
        <end>1647</end>
        <start>1524</start>
    </paragraph>
    <paragraph>
        <end>1829</end>
        <start>1648</start>
    </paragraph>
    <paragraph>
        <end>1938</end>
        <start>1830</start>
    </paragraph>
    <paragraph>
        <end>1962</end>
        <start>1939</start>
    </paragraph>
    <paragraph>
        <end>2349</end>
        <start>1963</start>
    </paragraph>
    <paragraph>
        <end>2399</end>
        <start>2350</start>
    </paragraph>
    <paragraph>
        <end>2577</end>
        <start>2400</start>
    </paragraph>
    <paragraph>
        <end>2929</end>
        <start>2578</start>
    </paragraph>
    <paragraph>
        <end>3240</end>
        <start>2930</start>
    </paragraph>
    <paragraph>
        <end>3502</end>
        <start>3241</start>
    </paragraph>
    <paragraph>
        <end>3544</end>
        <start>3503</start>
    </paragraph>
    <paragraph>
        <end>3757</end>
        <start>3545</start>
    </paragraph>
    <paragraph>
        <end>3776</end>
        <start>3758</start>
    </paragraph>
    <paragraph>
        <end>4077</end>
        <start>3777</start>
    </paragraph>
    <paragraph>
        <end>4393</end>
        <start>4078</start>
    </paragraph>
    <paragraph>
        <end>4600</end>
        <start>4394</start>
    </paragraph>
    <paragraph>
        <end>4765</end>
        <start>4601</start>
    </paragraph>
    <paragraph>
        <end>4896</end>
        <start>4766</start>
    </paragraph>
    <paragraph>
        <end>4949</end>
        <start>4897</start>
    </paragraph>
    <paragraph>
        <end>5081</end>
        <start>4950</start>
    </paragraph>
    <paragraph>
        <end>5220</end>
        <start>5082</start>
    </paragraph>
    <paragraph>
        <end>5393</end>
        <start>5221</start>
    </paragraph>
    <paragraph>
        <end>5417</end>
        <start>5394</start>
    </paragraph>
    <paragraph>
        <end>5754</end>
        <start>5418</start>
    </paragraph>
    <paragraph>
        <end>6139</end>
        <start>5755</start>
    </paragraph>
    <paragraph>
        <end>6325</end>
        <start>6140</start>
    </paragraph>
    <paragraph>
        <end>6651</end>
        <start>6326</start>
    </paragraph>
    <paragraph>
        <end>6720</end>
        <start>6652</start>
    </paragraph>
    <paragraph>
        <end>6981</end>
        <start>6721</start>
    </paragraph>
    <paragraph>
        <end>7183</end>
        <start>6982</start>
    </paragraph>
    <paragraph>
        <end>7451</end>
        <start>7184</start>
    </paragraph>
    <paragraph>
        <end>7544</end>
        <start>7452</start>
    </paragraph>
    <paragraph>
        <end>7761</end>
        <start>7545</start>
    </paragraph>
    <paragraph>
        <end>7823</end>
        <start>7762</start>
    </paragraph>
    <portal>cnn</portal>
    <quote>
        <end>296</end>
        <start>284</start>
    </quote>
    <quote>
        <end>778</end>
        <start>766</start>
    </quote>
    <quote>
        <end>922</end>
        <start>789</start>
    </quote>
    <quote>
        <end>1268</end>
        <start>1186</start>
    </quote>
    <quote>
        <end>1456</end>
        <start>1373</start>
    </quote>
    <quote>
        <end>1740</end>
        <start>1649</start>
    </quote>
    <quote>
        <end>1937</end>
        <start>1864</start>
    </quote>
    <quote>
        <end>2478</end>
        <start>2401</start>
    </quote>
    <quote>
        <end>2682</end>
        <start>2667</start>
    </quote>
    <quote>
        <end>2848</end>
        <start>2835</start>
    </quote>
    <quote>
        <end>2928</end>
        <start>2915</start>
    </quote>
    <quote>
        <end>3124</end>
        <start>2931</start>
    </quote>
    <quote>
        <end>3239</end>
        <start>3141</start>
    </quote>
    <quote>
        <end>3501</end>
        <start>3390</start>
    </quote>
    <quote>
        <end>3653</end>
        <start>3546</start>
    </quote>
    <quote>
        <end>3756</end>
        <start>3665</start>
    </quote>
    <quote>
        <end>4549</end>
        <start>4395</start>
    </quote>
    <quote>
        <end>4869</end>
        <start>4767</start>
    </quote>
    <quote>
        <end>5190</end>
        <start>5083</start>
    </quote>
    <quote>
        <end>5392</end>
        <start>5278</start>
    </quote>
    <quote>
        <end>6235</end>
        <start>6141</start>
    </quote>
    <quote>
        <end>6534</end>
        <start>6327</start>
    </quote>
    <quote>
        <end>6650</end>
        <start>6550</start>
    </quote>
    <quote>
        <end>7346</end>
        <start>7326</start>
    </quote>
    <quote>
        <end>7622</end>
        <start>7546</start>
    </quote>
    <quote>
        <end>7760</end>
        <start>7638</start>
    </quote>
    <title>The GOP's next civil war is brewing</title>
    <uri>http://edition.cnn.com/2016/09/20/politics/republican-reince-priebus-john-kasich/index.html?sr=fbpol092016republican-reince-priebus-john-kasich1132AMVODtopLink&amp;linkId=28985918</uri>
    <veracity>mostly true</veracity>
</article>
