<?xml version="1.0" encoding="UTF-8" standalone="yes"?>
<article>
    <author>By Eugene Scott, CNN</author>
    <hyperlink href="http://www.cnn.com/2012/08/07/politics/reid-romney-taxes/">
        <end>556</end>
        <start>539</start>
    </hyperlink>
    <hyperlink href="http://www.cnn.com/2015/10/26/politics/donald-trump-small-loan-town-hall/">
        <end>1549</end>
        <start>1529</start>
    </hyperlink>
    <hyperlink href="http://www.cnn.com/2016/09/13/politics/harry-reid-donald-trump-slim-and-trim/">
        <end>1072</end>
        <start>1068</start>
    </hyperlink>
    <hyperlink href="http://www.cnn.com/2016/09/15/politics/harry-reid-donald-trump-human-leech/">
        <end>2353</end>
        <start>2338</start>
    </hyperlink>
    <mainText>Washington (CNN)Senate Minority Leader Harry Reid offered an explanation Tuesday for why Donald Trump won't disclose his tax returns: the Republican presidential nominee is "faking his net worth." The Nevada Democrat -- and frequent Trump foe -- levied the charge on Twitter, evoking a similar claim he made against the GOP's 2012 nominee, Mitt Romney. "Trump is faking his net worth. He's not as rich as he would have us believe + a bad businessman. That's why we can't see his tax returns," Reid tweeted. Reid, citing an unnamed source, memorably accused Romney during the 2012 race of going 10 years without paying federal income taxes. Romney released a 20-year summary of his tax liabilities from 1990 through 2009, and his tax returns from 2010 and 2011. But he did not release additional returns. The Trump campaign did not return CNN's request for comment. Reid on Tuesday then went to the Senate floor to rip into Trump. "The last thing the American people want or need is a president who will run another financial scam on each of them," the Nevada Democrat said. "If elected, Donald Trump would be the scammer in chief. Trump is a fraud." "He's always looking for a mark, some victim for one of his schemes," Reid added. "And now our country is Trump's next target. He wants this to be his biggest payoff ever." Reid's speech focused what he sees as lies about Trump's money and said the real estate mogul is only wealthy because he was born with "a silver spoon." Trump's father was a wealthy real estate magnate who loaned his son money to jumpstart his career. "Litigation is nothing new to Donald Trump. Over the last decade and a half, Trump and his companies and have been sued in federal court 72 times. That doesn't take into consideration the many times he's been sued in state courts," Reid said. "But Trump being the flim-flammer he is just moves on to another scam." Reid, who is supporting Hillary Clinton, has repeatedly attacked Trump this campaign. Following Clinton's pneumonia diagnosis earlier this month, Reid attacked Trump's health. "Take a look at this character that's running for president. He complains about her health. What does he do? He's 70 years old. He's not slim and trim. He brags about eating fast food every day. Look at his health a little bit," Reid said last week. And on Thursday, Reid tore into Trump on the Senate floor, calling the Republican presidential nominee a "spoiled brat," "a con artist" and a "human leech who will bleed the country." </mainText>
    <orientation>mainstream</orientation>
    <paragraph>
        <end>196</end>
        <start>0</start>
    </paragraph>
    <paragraph>
        <end>352</end>
        <start>197</start>
    </paragraph>
    <paragraph>
        <end>506</end>
        <start>353</start>
    </paragraph>
    <paragraph>
        <end>803</end>
        <start>507</start>
    </paragraph>
    <paragraph>
        <end>864</end>
        <start>804</start>
    </paragraph>
    <paragraph>
        <end>929</end>
        <start>865</start>
    </paragraph>
    <paragraph>
        <end>1149</end>
        <start>930</start>
    </paragraph>
    <paragraph>
        <end>1322</end>
        <start>1150</start>
    </paragraph>
    <paragraph>
        <end>1574</end>
        <start>1323</start>
    </paragraph>
    <paragraph>
        <end>1889</end>
        <start>1575</start>
    </paragraph>
    <paragraph>
        <end>2065</end>
        <start>1890</start>
    </paragraph>
    <paragraph>
        <end>2315</end>
        <start>2066</start>
    </paragraph>
    <paragraph>
        <end>2499</end>
        <start>2316</start>
    </paragraph>
    <paragraph>
        <end>2500</end>
        <start>2500</start>
    </paragraph>
    <portal>cnn</portal>
    <quote>
        <end>195</end>
        <start>174</start>
    </quote>
    <quote>
        <end>491</end>
        <start>354</start>
    </quote>
    <quote>
        <end>1046</end>
        <start>931</start>
    </quote>
    <quote>
        <end>1148</end>
        <start>1075</start>
    </quote>
    <quote>
        <end>1218</end>
        <start>1151</start>
    </quote>
    <quote>
        <end>1321</end>
        <start>1233</start>
    </quote>
    <quote>
        <end>1474</end>
        <start>1459</start>
    </quote>
    <quote>
        <end>1805</end>
        <start>1576</start>
    </quote>
    <quote>
        <end>1888</end>
        <start>1819</start>
    </quote>
    <quote>
        <end>2293</end>
        <start>2067</start>
    </quote>
    <quote>
        <end>2435</end>
        <start>2422</start>
    </quote>
    <quote>
        <end>2450</end>
        <start>2438</start>
    </quote>
    <quote>
        <end>2498</end>
        <start>2459</start>
    </quote>
    <title>Harry Reid: Donald Trump 'faking his net worth'</title>
    <uri>http://edition.cnn.com/2016/09/20/politics/harry-reid-donald-trump-senate/index.html?sr=fbpol092016harry-reid-donald-trump-senate0502PMVODtopLink&amp;linkId=28999084</uri>
    <veracity>mostly true</veracity>
</article>
