<?xml version="1.0" encoding="UTF-8" standalone="yes"?>
<article>
    <author>By Jamie Gangel and Eric Bradner, CNN</author>
    <hyperlink href="http://www.cnn.com/2016/06/22/politics/hillary-clinton-brent-scowcroft-endorsement/">
        <end>3076</end>
        <start>3060</start>
    </hyperlink>
    <hyperlink href="http://www.cnn.com/2016/08/14/politics/carlos-gutierrez-donald-trump-hillary-clinton-election-2016/">
        <end>3234</end>
        <start>3223</start>
    </hyperlink>
    <hyperlink href="http://www.huffingtonpost.com/entry/louis-w-sullivan-hillary-clinton_us_57cf06dee4b06a74c9f0cf74">
        <end>3533</end>
        <start>3518</start>
    </hyperlink>
    <mainText>(CNN)Former President George H.W. Bush said Monday that he will vote for Hillary Clinton in November, according to sources close to the 41st President -- an extraordinary rebuke of his own party's nominee. The sources said this was not the first time Bush had disclosed his intention to vote for Clinton. The comments came during a receiving line for board members of the bipartisan Points of Light Foundation when Bush was speaking to Kathleen Hartington Kennedy Townsend, Robert F. Kennedy's daughter and the former Maryland lieutenant governor. There were roughly 40 people in the room, and it's not clear how many people heard him, though multiple sources did. The Republican former president's embrace of the Democratic nominee represents a dramatic new chapter in the complicated three-decade-old relationship between the two most prominent families in American politics. It's a stunning political move -- one that comes just 49 days from the election, and less than a week before Clinton and Donald Trump square off in their first debate. Trump's campaign manager, Kellyanne Conway, told CNN's Erin Burnett Tuesday that she respects "the 92-year-old former president very much and his decision." "It is ironic that he would vote for the wife of the man who knocked him out of the race," she added on "Erin Burnett OutFront." "But look, this was a bruising primary ... so I know there are a lot of hurt feelings there." News of his support for Clinton came first on Facebook, when Kennedy Townsend posted a photo of herself with George H.W. Bush, along with the caption: "The President told me he's voting for Hillary!!" Kennedy Townsend sits on the advisory board of the Points of Light Foundation. Bush family representatives declined to respond publicly. "The vote President Bush will cast as a private citizen in some 50 days will be just that: a private vote cast in some 50 days. He is not commenting on the presidential race in the interim," Bush spokesman Jim McGrath said in a statement. But sources with knowledge of the conversation told CNN they were surprised and disappointed that Kennedy Townsend had publicly shared a private conversation with the former president. Kennedy Townsend declined to comment through a spokesman at the Rock Creek Group, where she works as managing director. She later took down the Facebook post. GOP's Trump divide Trump's controversial candidacy has split the group of former Republican nominees. Mitt Romney has hammered Trump in speeches and on Twitter, calling him unfit for office. But former Kansas Sen. Bob Dole has endorsed Trump, as has Arizona Sen. John McCain -- though somewhat reluctantly, often referring to "the Republican nominee" rather than Trump by name. Neither George H.W. Bush nor George W. Bush had weighed in on the general election -- even as Trump savaged George W. Bush's decision to go to war in Iraq. However, many of the 41st and 43rd presidents' Cabinet secretaries and national security officials have backed Clinton. George H.W. Bush national security adviser Brent Scowcroft endorsed Clinton in June, saying she "has the wisdom and experience to lead our country at this critical time." George W. Bush Commerce Secretary Carlos Gutierrez said on CNN in August that he "would have preferred Jeb Bush, but I think Hillary is a great choice. I am afraid of what Donald Trump would do to this country." And Louis Wade Sullivan, the Health and Human Services secretary under George H.W. Bush and the only African-American in his Cabinet, said this month that "though my enthusiasm for Hillary Clinton is somewhat tempered, I certainly believe she is an infinitely better choice for president than Donald Trump." But George H.W. Bush isn't speaking for his entire family. Marvin Bush, the former president's youngest son, has said he would vote for Libertarian Gary Johnson. George P. Bush, George H.W. Bush's grandson, has backed Trump. And Jeb Bush, Trump's former primary rival, has said he won't vote for Trump or Clinton. A representative for George W. Bush wouldn't comment on Kennedy Townsend's Facebook post or how George H.W. Bush would vote. The representative simply said George W. Bush is "spending his time working to keep the Senate in Republican hands and is not commenting on the presidential campaign." The Bush-Clinton relationship The evolving relationship between the Bush and Clinton families began in 1992, when Bill Clinton ran against -- and defeated -- incumbent President George H.W. Bush. Eight years later, with Clinton term-limited out of office, Bush's son, then-Texas Gov. George W. Bush, succeeded Clinton on a pledge to "restore honor and dignity" to the White House -- a not-so-subtle knock on Clinton's marital infidelity. But Bill Clinton and George H.W. Bush have also spent their post-presidencies teaming up for philanthropic endeavors. And in recent years, Bill Clinton and George W. Bush have increasingly appeared together. The two grew so close that George W. Bush has referred to Clinton as his "brother from another mother," and Clinton has said the two bonded over becoming grandfathers. A Bush-Clinton matchup Early in the 2016 campaign cycle, it appeared the two families could be headed for another showdown with the presidency on the line: Hillary Clinton was seeking the Democratic nomination, while former Florida Gov. Jeb Bush -- the 41st president's son and the 43rd president's brother -- was a Republican candidate and a fundraising powerhouse. Even if George H.W. Bush hadn't endorsed Hillary Clinton, it was hard to envision him backing Trump. Neither of the former Bush presidents attended the Republican National Convention in Cleveland, where Trump became the GOP's nominee -- with the Bush family staying out of presidential politics after Jeb Bush, denounced repeatedly by Trump as "low-energy," exited the race. CLARIFICATION: This story has been updated to clarify the context in which George H.W. Bush made his comment about voting for Hillary Clinton. CNN's Daniella Diaz contributed to this report.</mainText>
    <orientation>mainstream</orientation>
    <paragraph>
        <end>205</end>
        <start>0</start>
    </paragraph>
    <paragraph>
        <end>304</end>
        <start>206</start>
    </paragraph>
    <paragraph>
        <end>664</end>
        <start>305</start>
    </paragraph>
    <paragraph>
        <end>877</end>
        <start>665</start>
    </paragraph>
    <paragraph>
        <end>1045</end>
        <start>878</start>
    </paragraph>
    <paragraph>
        <end>1202</end>
        <start>1046</start>
    </paragraph>
    <paragraph>
        <end>1425</end>
        <start>1203</start>
    </paragraph>
    <paragraph>
        <end>1626</end>
        <start>1426</start>
    </paragraph>
    <paragraph>
        <end>1705</end>
        <start>1627</start>
    </paragraph>
    <paragraph>
        <end>1763</end>
        <start>1706</start>
    </paragraph>
    <paragraph>
        <end>2002</end>
        <start>1764</start>
    </paragraph>
    <paragraph>
        <end>2187</end>
        <start>2003</start>
    </paragraph>
    <paragraph>
        <end>2346</end>
        <start>2188</start>
    </paragraph>
    <paragraph>
        <end>2365</end>
        <start>2347</start>
    </paragraph>
    <paragraph>
        <end>2724</end>
        <start>2366</start>
    </paragraph>
    <paragraph>
        <end>3000</end>
        <start>2725</start>
    </paragraph>
    <paragraph>
        <end>3383</end>
        <start>3001</start>
    </paragraph>
    <paragraph>
        <end>3691</end>
        <start>3384</start>
    </paragraph>
    <paragraph>
        <end>3916</end>
        <start>3692</start>
    </paragraph>
    <paragraph>
        <end>4005</end>
        <start>3917</start>
    </paragraph>
    <paragraph>
        <end>4298</end>
        <start>4006</start>
    </paragraph>
    <paragraph>
        <end>4328</end>
        <start>4299</start>
    </paragraph>
    <paragraph>
        <end>4736</end>
        <start>4329</start>
    </paragraph>
    <paragraph>
        <end>4944</end>
        <start>4737</start>
    </paragraph>
    <paragraph>
        <end>5112</end>
        <start>4945</start>
    </paragraph>
    <paragraph>
        <end>5135</end>
        <start>5113</start>
    </paragraph>
    <paragraph>
        <end>5479</end>
        <start>5136</start>
    </paragraph>
    <paragraph>
        <end>5580</end>
        <start>5480</start>
    </paragraph>
    <paragraph>
        <end>5854</end>
        <start>5581</start>
    </paragraph>
    <paragraph>
        <end>5997</end>
        <start>5855</start>
    </paragraph>
    <paragraph>
        <end>6045</end>
        <start>5998</start>
    </paragraph>
    <portal>cnn</portal>
    <quote>
        <end>1201</end>
        <start>1141</start>
    </quote>
    <quote>
        <end>1292</end>
        <start>1204</start>
    </quote>
    <quote>
        <end>1330</end>
        <start>1308</start>
    </quote>
    <quote>
        <end>1424</end>
        <start>1333</start>
    </quote>
    <quote>
        <end>1625</end>
        <start>1578</start>
    </quote>
    <quote>
        <end>1953</end>
        <start>1765</start>
    </quote>
    <quote>
        <end>2696</end>
        <start>2674</start>
    </quote>
    <quote>
        <end>3170</end>
        <start>3098</start>
    </quote>
    <quote>
        <end>3382</end>
        <start>3254</start>
    </quote>
    <quote>
        <end>3690</end>
        <start>3540</start>
    </quote>
    <quote>
        <end>4297</end>
        <start>4181</start>
    </quote>
    <quote>
        <end>4658</end>
        <start>4633</start>
    </quote>
    <quote>
        <end>5047</end>
        <start>5019</start>
    </quote>
    <quote>
        <end>5836</end>
        <start>5825</start>
    </quote>
    <title>Sources: Bush 41 says he will vote for Clinton</title>
    <uri>http://edition.cnn.com/2016/09/20/politics/george-hw-bush-hillary-clinton/index.html?adkey=bn&amp;sr=fbpol092016george-hw-bush-hillary-clinton1020PMVODtopLink&amp;linkId=29010531</uri>
    <veracity>mixture of true and false</veracity>
</article>
