<?xml version="1.0" encoding="UTF-8" standalone="yes"?>
<article>
    <author>By Steve Vladeck, CNN Contributor</author>
    <hyperlink href="http://www.cnn.com/2016/09/19/us/ahmad-khan-rahami/">
        <end>36</end>
        <start>19</start>
    </hyperlink>
    <mainText>(CNN)The arrest of Ahmad Khan Rahami, the man suspected of Saturday's bombing in New York and explosion in New Jersey, is reviving a debate that's become familiar when American citizens are implicated in terrorism post-9/11: Whether or not they can be considered enemy combatants. Sen. Lindsey Graham, R-South Carolina, and others have suggested that Rahami be detained by the military as an enemy combatant, in part so he would not have be read his Miranda rights. Here are five common questions about terrorism suspects and the legal system: 1) Do U.S.-citizen terrorism suspects arrested within the United States have constitutional protections in the first place? Yes. There are ongoing debates over the constitutional rights of non-citizens (and citizens traveling overseas), but the Supreme Court has never suggested that a US citizen arrested within the United States receives lesser constitutional protection simply because he's a terrorism suspect. To the contrary, as Justice Felix Frankfurter once wrote: "The safeguards of liberty have frequently been forged in controversies involving not very nice people." Put more bluntly, providing US-citizen terrorism suspects with full constitutional protection is how we can be sure, as a society, that they're punished according to principles of justice, rather than vengeance. 2) Can such individuals be detained by the military? Probably not. A federal statute enacted in 1971 (in response to the World War II-era Japanese American internment camps) prohibits the detention of US citizens "except pursuant to an Act of Congress," and no statute expressly authorizes the detention without trial of US-citizen terrorism suspects. The Supreme Court has held that the Authorization for Use of Military Force (AUMF), enacted by Congress one week after 9/11, implicitly authorizes the detention of US citizens captured in Afghanistan while fighting on behalf of al Qaeda or the Taliban. But four justices have suggested that the AUMF does not authorize the detention of even those individuals when captured within the United States -- and without such an affiliation, there's no argument that the AUMF applies. 3) Can US-citizen terrorism suspects be prosecuted in the Guantánamo military commissions? No. When Congress enacted the Military Commissions Act of 2006, it expressly limited the statute to "alien" defendants. And although there are precedents from World War II for trying US citizens in military commissions, that's only when the citizen is accused of international war crimes (which terrorism, by itself, is not). 4) Can US-citizen terrorism suspects be interrogated? Absolutely. No rule, statute, or constitutional provision prevents the government from interrogating terrorism suspects -- so long as none of the interrogation methods involve torture or other forms of cruel, inhuman, or degrading treatment (prohibitions that today apply equally whether the interrogation is conducted by the FBI, the military, and the CIA). There are many examples of lawful interrogations in terrorism cases producing actionable intelligence information. 5) At what point do US-citizen terrorism suspects have to be apprised of their Miranda rights? Not right away. First, Miranda is only an exclusionary rule -- meaning that the penalty for interrogating a suspect without reading him his rights is simply the exclusion of his statements from his trial. Second, even if admissibility at trial were an issue, the Supreme Court has recognized a "public safety" exception to Miranda, where the interrogation is designed to identify future threats to the public, and not to elicit further evidence of the suspect's guilt. Thus, in the case of the so-called "underwear bomber," the government conducted a substantial interrogation of the suspect before reading him his rights, but was still allowed to use his statements during that period against him at trial. Finally, there's no direct correlation between the provision of Miranda rights and a suspect's refusal to cooperate. So in a case like this one, there's little reason to think that Miranda really does prevent the government from taking necessary steps to prevent future acts of terrorism. Vladeck is a CNN contributor and professor of law at the University of Texas School of Law.</mainText>
    <orientation>mainstream</orientation>
    <paragraph>
        <end>280</end>
        <start>0</start>
    </paragraph>
    <paragraph>
        <end>465</end>
        <start>281</start>
    </paragraph>
    <paragraph>
        <end>543</end>
        <start>466</start>
    </paragraph>
    <paragraph>
        <end>667</end>
        <start>544</start>
    </paragraph>
    <paragraph>
        <end>957</end>
        <start>668</start>
    </paragraph>
    <paragraph>
        <end>1120</end>
        <start>958</start>
    </paragraph>
    <paragraph>
        <end>1332</end>
        <start>1121</start>
    </paragraph>
    <paragraph>
        <end>1385</end>
        <start>1333</start>
    </paragraph>
    <paragraph>
        <end>1399</end>
        <start>1386</start>
    </paragraph>
    <paragraph>
        <end>1684</end>
        <start>1400</start>
    </paragraph>
    <paragraph>
        <end>1937</end>
        <start>1685</start>
    </paragraph>
    <paragraph>
        <end>2161</end>
        <start>1938</start>
    </paragraph>
    <paragraph>
        <end>2252</end>
        <start>2162</start>
    </paragraph>
    <paragraph>
        <end>2372</end>
        <start>2253</start>
    </paragraph>
    <paragraph>
        <end>2578</end>
        <start>2373</start>
    </paragraph>
    <paragraph>
        <end>2632</end>
        <start>2579</start>
    </paragraph>
    <paragraph>
        <end>2991</end>
        <start>2633</start>
    </paragraph>
    <paragraph>
        <end>3106</end>
        <start>2992</start>
    </paragraph>
    <paragraph>
        <end>3201</end>
        <start>3107</start>
    </paragraph>
    <paragraph>
        <end>3217</end>
        <start>3202</start>
    </paragraph>
    <paragraph>
        <end>3406</end>
        <start>3218</start>
    </paragraph>
    <paragraph>
        <end>3909</end>
        <start>3407</start>
    </paragraph>
    <paragraph>
        <end>4198</end>
        <start>3910</start>
    </paragraph>
    <paragraph>
        <end>4290</end>
        <start>4199</start>
    </paragraph>
    <portal>cnn</portal>
    <quote>
        <end>1119</end>
        <start>1017</start>
    </quote>
    <quote>
        <end>1585</end>
        <start>1547</start>
    </quote>
    <quote>
        <end>2359</end>
        <start>2354</start>
    </quote>
    <quote>
        <end>3510</end>
        <start>3497</start>
    </quote>
    <quote>
        <end>3724</end>
        <start>3707</start>
    </quote>
    <title>What the US government can and cannot do to US citizens suspected of terrorism</title>
    <uri>http://edition.cnn.com/2016/09/20/politics/legal-requirements-terrorism-suspects-rahami/index.html</uri>
    <veracity>mostly true</veracity>
</article>
