<?xml version="1.0" encoding="UTF-8" standalone="yes"?>
<article>
    <author>By David Wright, CNN</author>
    <hyperlink href="http://responsiblescientists.org/">
        <end>606</end>
        <start>581</start>
    </hyperlink>
    <hyperlink href="https://twitter.com/realdonaldtrump/status/265895292191248385?lang=en">
        <end>1934</end>
        <start>1920</start>
    </hyperlink>
    <hyperlink href="https://www.washingtonpost.com/news/energy-environment/wp/2016/03/22/this-is-the-only-type-of-climate-change-donald-trump-believes-in/?utm_term=.968016ce22e8">
        <end>2041</end>
        <start>2021</start>
    </hyperlink>
    <mainText>(CNN)A group of 375 "concerned" scientists -- including famed physicist Stephen Hawking -- released an open letter Tuesday sharply criticizing Donald Trump, citing the threat of climate change and blasting his push for the US to leave the Paris Accord. "It is of great concern that the Republican nominee for President has advocated U.S. withdrawal from the Paris Accord. A 'Parexit' would send a clear signal to the rest of the world: 'The United States does not care about the global problems of human-caused climate change. You are on your own,'" the group wrote on the website responsiblescientists.org. The use of the term "Parexit" is a reference to a political withdrawal along the lines of the UK's vote to leave the European Union, commonly called the "Brexit." They continued, "The consequences of opting out of the global community would be severe and long-lasting -- for our planet's climate and for the international credibility of the United States." The letter is signed by a number of famous scientists, including Hawking and Nobel Prize-winning physicist Steven Chu, who served as Secretary of Energy under President Barack Obama. CNN reached out to the Trump campaign for a response to the letter, but did not immediately receive a response. The Paris Agreement was reached by 195 countries at the United Nations Climate Change Conference in Paris in 2015, aimed at coordinating global efforts to combat climate change. Obama was a main proponent of the agreement, and Democratic nominee Hillary Clinton supports its ongoing implementation. The group slammed politicians who deny the existence of man-made climate change. "During the presidential primary campaign, claims were made that the Earth is not warming, or that warming is due to purely natural causes outside human control. Such claims are inconsistent with reality," they wrote. Republican nominee Donald Trump opposes the agreement, and he has previously suggested that climate change is a hoax "created by and for the Chinese." He recently said in an interview that "I am not a great believer in man-made climate change." </mainText>
    <orientation>mainstream</orientation>
    <paragraph>
        <end>252</end>
        <start>0</start>
    </paragraph>
    <paragraph>
        <end>607</end>
        <start>253</start>
    </paragraph>
    <paragraph>
        <end>770</end>
        <start>608</start>
    </paragraph>
    <paragraph>
        <end>964</end>
        <start>771</start>
    </paragraph>
    <paragraph>
        <end>1147</end>
        <start>965</start>
    </paragraph>
    <paragraph>
        <end>1259</end>
        <start>1148</start>
    </paragraph>
    <paragraph>
        <end>1558</end>
        <start>1260</start>
    </paragraph>
    <paragraph>
        <end>1639</end>
        <start>1559</start>
    </paragraph>
    <paragraph>
        <end>1857</end>
        <start>1640</start>
    </paragraph>
    <paragraph>
        <end>2102</end>
        <start>1858</start>
    </paragraph>
    <paragraph>
        <end>2103</end>
        <start>2103</start>
    </paragraph>
    <portal>cnn</portal>
    <quote>
        <end>30</end>
        <start>21</start>
    </quote>
    <quote>
        <end>548</end>
        <start>254</start>
    </quote>
    <quote>
        <end>382</end>
        <start>375</start>
    </quote>
    <quote>
        <end>769</end>
        <start>762</start>
    </quote>
    <quote>
        <end>963</end>
        <start>788</start>
    </quote>
    <quote>
        <end>1844</end>
        <start>1641</start>
    </quote>
    <quote>
        <end>2007</end>
        <start>1976</start>
    </quote>
    <quote>
        <end>2101</end>
        <start>2048</start>
    </quote>
    <title>Stephen Hawking, 375 scientists slam Trump for backing 'Parexit'</title>
    <uri>http://edition.cnn.com/2016/09/21/politics/scientists-open-letter-trump-climate-change/index.html?sr=fbpol092116scientists-open-letter-trump-climate-change0217PMVODtopLink&amp;linkId=29035138</uri>
    <veracity>mostly true</veracity>
</article>
