<?xml version="1.0" encoding="UTF-8" standalone="yes"?>
<article>
    <author>By Eugene Scott, CNN</author>
    <hyperlink href="http://www.cnn.com/2016/09/21/politics/donald-trump-stop-and-frisk/index.html">
        <end>504</end>
        <start>449</start>
    </hyperlink>
    <hyperlink href="http://www.cnn.com/2016/09/22/politics/bill-de-blasio-trump-stop-and-frisk/index.html">
        <end>1819</end>
        <start>1787</start>
    </hyperlink>
    <mainText>Washington (CNN)New York City Mayor Bill de Blasio said Thursday that Republican presidential candidate Donald Trump is wrong in his assessment of stop-and-frisk, a policy that allows police officers to stop and pat down individuals they deem suspicious. "Donald Trump talks about stop-and-frisk like he knows the facts," de Blasio told CNN's Alisyn Camerota on "New Day." "He has had no experience with policing, no experience with public safety." Trump touts stop-and-frisk practice amid black outreach "He should really be careful because if we reinstituted stop-and-frisk all over this country, you'd see a lot more tension between police and communities," added the mayor, a Democrat who is supporting Hillary Clinton for president. If elected, Trump said Wednesday at a Fox News town hall that he hopes to take the controversial policy nationwide to help stem "violence in the black community." "One of the things I'd do ... is I would do stop-and-frisk. I think you have to," Trump said. "We did it in New York, it worked incredibly well and you have to be proactive and, you know, you really help people sort of change their mind automatically." Trump's comments came in response to an audience member's question about reducing "black-on-black crime." But many people in New York's black community have opposed the practice arguing that New York's police disproportionately used the policy to target and harass people of color. After ongoing protests of the policy, a federal judge ruled in 2013 that the NYPD's stop-and-frisk policy violated citizens' constitutional rights. However, the judge did not order an outright ban on the practice, but called for outside oversight and reform. The city under Mayor Michael Bloomberg appealed that ruling, but those efforts were dropped under de Blasio's administration, and the city is participating in an ongoing reform and oversight process, which is supervised by a federal monitor. CORRECTION: An earlier version of this story misstated whether New York City is appealing the federal judge's 2013 ruling on stop-and-frisk. The city appealed the ruling at the time, but has since dropped that effort and is participating in an ongoing reform and oversight process. </mainText>
    <orientation>mainstream</orientation>
    <paragraph>
        <end>254</end>
        <start>0</start>
    </paragraph>
    <paragraph>
        <end>448</end>
        <start>255</start>
    </paragraph>
    <paragraph>
        <end>504</end>
        <start>449</start>
    </paragraph>
    <paragraph>
        <end>737</end>
        <start>505</start>
    </paragraph>
    <paragraph>
        <end>900</end>
        <start>738</start>
    </paragraph>
    <paragraph>
        <end>1153</end>
        <start>901</start>
    </paragraph>
    <paragraph>
        <end>1259</end>
        <start>1154</start>
    </paragraph>
    <paragraph>
        <end>1435</end>
        <start>1260</start>
    </paragraph>
    <paragraph>
        <end>1936</end>
        <start>1436</start>
    </paragraph>
    <paragraph>
        <end>2218</end>
        <start>1937</start>
    </paragraph>
    <paragraph>
        <end>2219</end>
        <start>2219</start>
    </paragraph>
    <portal>cnn</portal>
    <quote>
        <end>320</end>
        <start>256</start>
    </quote>
    <quote>
        <end>371</end>
        <start>363</start>
    </quote>
    <quote>
        <end>447</end>
        <start>374</start>
    </quote>
    <quote>
        <end>659</end>
        <start>506</start>
    </quote>
    <quote>
        <end>899</end>
        <start>867</start>
    </quote>
    <quote>
        <end>981</end>
        <start>902</start>
    </quote>
    <quote>
        <end>1152</end>
        <start>996</start>
    </quote>
    <quote>
        <end>1258</end>
        <start>1237</start>
    </quote>
    <title>New York mayor: Donald Trump wrong about 'stop-and-frisk'</title>
    <uri>http://edition.cnn.com/2016/09/22/politics/bill-de-blasio-trump-stop-and-frisk/index.html?sr=fbpol092216bill-de-blasio-trump-stop-and-frisk0128PMVODtopLink&amp;linkId=29074721</uri>
    <veracity>mostly true</veracity>
</article>
