<?xml version="1.0" encoding="UTF-8" standalone="yes"?>
<article>
    <author>By David Wright, CNN</author>
    <hyperlink href="http://www.cnn.com/2016/09/20/politics/george-hw-bush-hillary-clinton/">
        <end>105</end>
        <start>70</start>
    </hyperlink>
    <hyperlink href="http://www.washingtonexaminer.com/sessions-slams-bush-distaste-for-trump/article/2602526?platform=hootsuite">
        <end>355</end>
        <start>311</start>
    </hyperlink>
    <hyperlink href="http://www.cnn.com/2016/02/28/politics/donald-trump-jeff-sessions-endorsement/">
        <end>442</end>
        <start>419</start>
    </hyperlink>
    <hyperlink href="http://www.cnn.com/2016/08/10/politics/donald-trump-republican-opposition/">
        <end>1278</end>
        <start>1253</start>
    </hyperlink>
    <hyperlink href="http://www.cnn.com/2016/09/20/politics/ivanka-trump-female-republican-roundtable/">
        <end>1561</end>
        <start>1475</start>
    </hyperlink>
    <hyperlink href="http://www.cnn.com/2016/09/19/politics/john-kasich-reince-priebus-weaver/index.html">
        <end>2003</end>
        <start>1982</start>
    </hyperlink>
    <hyperlink href="http://www.cnn.com/2016/09/20/politics/republican-reince-priebus-john-kasich/">
        <end>2549</end>
        <start>2505</start>
    </hyperlink>
    <mainText>(CNN)Sen. Jeff Sessions pilloried former President George H.W. Bush's decision to support Hillary Clinton for president over Donald Trump, saying the Bush family "should remember the loyalty they were given by millions of Americans." Sessions expressed frustration with Republicans who've refused to back Trump in an interview with the Washington Examiner published Wednesday. A long-serving Republican senator, he was among the first members of the so-called GOP "establishment" to throw his support behind the eventual nominee during the primary, and has been a fixture of the Trump campaign since. "They should objectively analyze who is likely to advance best the agenda they favor and the agenda the Republicans who supported them favored. And that's clearly Donald Trump," Sessions said. The Alabama Republican also noted that "millions of Americans, including this one, worked their hearts out for the Bushes in 1988, 1992, 2000, and 2004. And it wasn't Bill Clinton that helped the Bushes get elected. It was the same voters, in large part, that elected Ronald Reagan and stand to elect Donald Trump." The elder Bush is the only member of the family whose support for Clinton has become public. Jeb Bush, whom Trump defeated during the primary, has said he won't support the nominee, and former President George W. Bush has declined to reveal his presidential preference. For Sessions, though, the choice is simple, and he expressed puzzlement about the Bush family. RELATED: Ivanka Trump huddles with female Republican members of Congress in Washington "I think they're not thinking clearly enough about this," Sessions told the Washington Examiner. "They're not ... appreciating half the American people, virtually, that have been supportive of Republicans. A lot of them preferred somebody other than Bush candidates, but they rallied around them when it came to November. So I would hope that we see more rallying." And to other Republicans, like Texas Sen. Ted Cruz or Ohio Gov. John Kasich, who have argued Trump isn't conservative enough to lead the party, Sessions says "that's ridiculous." "At this point in history, it's the William F. Buckley test -- who is the most conservative candidate that can win the presidency? Hillary Clinton or Donald Trump? On taxes, on regulations, on judges, on law enforcement — all these are conservative positions. What is the problem here? I just feel on issue after issue he's been firmly in the conservative, classical Republican conservative view." RELATED: The GOP's next civil war is brewing </mainText>
    <orientation>mainstream</orientation>
    <paragraph>
        <end>233</end>
        <start>0</start>
    </paragraph>
    <paragraph>
        <end>600</end>
        <start>234</start>
    </paragraph>
    <paragraph>
        <end>793</end>
        <start>601</start>
    </paragraph>
    <paragraph>
        <end>1109</end>
        <start>794</start>
    </paragraph>
    <paragraph>
        <end>1379</end>
        <start>1110</start>
    </paragraph>
    <paragraph>
        <end>1474</end>
        <start>1380</start>
    </paragraph>
    <paragraph>
        <end>1561</end>
        <start>1475</start>
    </paragraph>
    <paragraph>
        <end>1927</end>
        <start>1562</start>
    </paragraph>
    <paragraph>
        <end>2106</end>
        <start>1928</start>
    </paragraph>
    <paragraph>
        <end>2504</end>
        <start>2107</start>
    </paragraph>
    <paragraph>
        <end>2549</end>
        <start>2505</start>
    </paragraph>
    <paragraph>
        <end>2550</end>
        <start>2550</start>
    </paragraph>
    <portal>cnn</portal>
    <quote>
        <end>232</end>
        <start>163</start>
    </quote>
    <quote>
        <end>478</end>
        <start>465</start>
    </quote>
    <quote>
        <end>777</end>
        <start>602</start>
    </quote>
    <quote>
        <end>1108</end>
        <start>834</start>
    </quote>
    <quote>
        <end>1618</end>
        <start>1563</start>
    </quote>
    <quote>
        <end>1926</end>
        <start>1660</start>
    </quote>
    <quote>
        <end>2105</end>
        <start>2087</start>
    </quote>
    <quote>
        <end>2503</end>
        <start>2108</start>
    </quote>
    <title>Sessions knocks Bushes: 'They should remember the loyalty they were given'</title>
    <uri>http://edition.cnn.com/2016/09/22/politics/jeff-sessions-criticizes-bush-family-clinton-support/index.html?sr=fbpol092216jeff-sessions-criticizes-bush-family-clinton-support0202PMStoryLink&amp;linkId=29073608</uri>
    <veracity>mostly true</veracity>
</article>
