<?xml version="1.0" encoding="UTF-8" standalone="yes"?>
<article>
    <author>By Nicole Gaouette, CNN</author>
    <hyperlink href="http://www.cnn.com/2016/09/12/politics/us-air-force-bombers-korea/">
        <end>4008</end>
        <start>3947</start>
    </hyperlink>
    <mainText>(CNN)North Korea went on the offensive Friday, blasting the US for "aggression" in Asia, blaming Washington for its pursuit of nuclear weapons and threatening the US with "tremendous consequences beyond imagination." The Democratic People's Republic of Korea "had no other choice but to go nuclear," Foreign Minister Ri Yong Ho told the UN General Assembly, to defend itself "from the constant nuclear threats from the United States." Ri's comments came as the US and Asian nations gathered in New York Friday with a fresh reminder of what they consider the gravest threat facing the region: North Korea's announcement this week that it had successfully tested its most powerful rocket engine yet. The test Tuesday was followed by a US show of force, as the Pentagon on Wednesday flew two B-1B bombers alongside the demilitarized zone separating North and South Korea, setting the the stage for US-South Korea joint military exercises in October that will include a simulated nuclear facility strike. The heightened tensions, North Korea's steady drumbeat of tests and its nuclear ambitions have put the region on edge and the Pentagon on notice. "North Korea's unpredictable behavior and capability development also continues to threaten allies and potentially the homeland," Gen. Joseph Dunford, chairman of the Joint Chiefs of Staff, said Wednesday in Maryland. "It's consumed an awful lot of time -- I think it's fair to say -- of senior leadership's time over the past few weeks." The North Korean minister offered a through-the-looking glass version of the same events. "Only a couple of days ago, the United States has again threatened the DPRK by flying the strategic bombers 'B-1B' over the military demarcation line on the Korean peninsula and landing in South Korea," Ri said. "We will never remain onlookers at it and the United States will have to face tremendous consequences beyond imagination." Meanwhile, Secretary of State John Kerry met Friday on the sidelines of the UN General Assembly with foreign ministers from the Association of Southeast Asian Nations, a 10-member bloc dedicated to economic, political and security cooperation. "The United States will do whatever is necessary to defend our own citizens and to honor our security commitments to our allies," Kerry told the ASEAN meeting. He called on allies to "vigorously" enforce sanctions against the isolated regime and urged ASEAN members to "ensure that the DPRK pays a price for its dangerous actions." Japanese Prime Minister Shinzo Abe made a blunt call for international action at the UN Wednesday. "Right before our eyes, North Korea is carrying out a plan about which there can be no doubt," Abe said. "There is no alternative but to say that the threat has now reached a dimension altogether different from what has transpired until now." The perceived threat is changing regional dynamics, bringing old rivals Japan and South Korea closer together. It's putting China on the spot as Washington pushes Beijing to do more to rein its ally in, even as tensions over the South China Sea complicate cooperation. And it will likely prompt a new international push for tougher sanctions, the likes of which were used to force Iran to the negotiating table. That's still unlikely to stop North Korea, formally known as the Democratic People's Republic of Korea, experts said. Indeed, US officials and scientific experts expect another nuclear test as soon as early October. "From North Korea's perspective, it only makes sense to continue these tests and continue to develop these weapons until there's a substantial shift in dialogue with the US," said Alison Evans, a country risk senior analyst at the global consulting firm IHS. "For North Korea, it's the recognition that's the important thing. It needs its status as a nuclear power to be recognized," Evans said, adding that, "The leadership sees developing a nuclear deterrent as a guarantor of survival." RELATED: US B-1 bombers fly over South Korea in show of force US officials say the Pentagon is watching carefully for another nuclear test. Meanwhile, the Union of Concerned Scientists said there is some speculation that Pyongyang may try another satellite launch around October 10, the anniversary of the founding of its Worker's Party of Korea. North Korea conducted its fourth nuclear test in January. In the ensuing months, it has followed that detonation with a total of 21 ballistic missile tests, including land- and submarine-based launches. In May, North Korea's 32-year-old leader Kim Jong-un made the country's ambitions official, announcing that Pyongyang was on a dual track of developing nuclear weapons and the economy. Pyongyang then staged its largest nuclear test yet on September 9, the anniversary of the DPRK's founding in 1948. And Tuesday's rocket launch was "substantially larger and more powerful than anything North Korea has tested before," according to 38 North, a program devoted to analyzing North Korea at Johns Hopkins University's School of Advanced International Studies. All this testing is unlikely to win it the US recognition it craves, though. After the more recent nuclear test, President Barack Obama made clear that "the United States does not, and never will, accept North Korea as a nuclear state." Obama said that the US would work with Asian allies, the UN Security Council and international partners to implement existing measures and "take additional significant steps, including new sanctions to demonstrate to North Korea that there are consequences to its unlawful and dangerous actions." However, the rhetoric from the presidential campaign trail is a constant reminder that Obama administration will soon no longer calling the American shots on the issue. Republican presidential nominee Donald Trump has held out the possibility of meeting with Kim in a dramatic break with US political conventions. He earned criticism for the remark, as well as for suggesting that South Korea and Japan should consider developing their own nuclear weapons. "At some point we have to say, you know what, we're better off if Japan protects itself against this maniac in North Korea," Trump told Anderson Cooper at a CNN town hall in Milwaukee in March. "We're better off, frankly, if South Korea is going to start to protect itself." The statements have rattled Tokyo and Seoul, and while Trump has said that China must play a stronger role in checking their neighbor and ally, his promise to play tough with Beijing on trade could also roil that effort. The Republican candidate's tough talk has only heightened the uncertainty surrounding American policy in the region and is likely to be something that US officials are asked to address in their consultations Friday.  Hillary Clinton has also articulated a strong stance on China, but is less likely to take the protectionist steps that could spark a trade war with the Asian power. On North Korea, specifically, she has emphasized ratcheting up US sanctions. International sanctions levied in March after the January nuclear test were the first on North Korea to do more than target weapons development or luxury goods for the elite. They ban all weapons trade and require inspections of all cargo to and from the country, among other steps. The international community could squeeze North Korea further by targeting the export of its resources, said Bruce Klingner, a senior research fellow at the Heritage Foundation, echoing the way UN sanctions targeted Iran by banning the export of its oil. "That is a big step," Klingner said, "it will impact the people of North Korea." China signed on for the March sanctions, but its officials have repeatedly said they believe sanctions are counterproductive and experts say China historically hasn't thoroughly enforced them against North Korea. US tensions with China over the South China Sea could make it harder to cooperate. Dunford said Wednesday that "China seeks to limit our ability to project power and to undermine the credibility of our alliances in the Pacific." The US can take additional unilateral steps to get tougher on Pyongyang, Klingner said, by sanctioning non-North Korean entities that act as an agent for the country -- most likely Chinese entities and financial institutions. In the meantime, US military officials are planning. From October 3 to 21, the US and South Korea will carry out the joint exercise "Red Flag" in Alaska, which will include an aerial exercise "simulating attacks on nuclear facilities and scenarios of sudden missile attack," a ministry spokesperson with the South Korean Defense Department told CNN. North Korea derided South Korea as a "puppet warmongers" in a statement about the Red Flag exercises. CNN's Jungeun Kim and Paula Hancocks in Seoul and Barbara Starr in Washington contributed to this report.</mainText>
    <orientation>mainstream</orientation>
    <paragraph>
        <end>216</end>
        <start>0</start>
    </paragraph>
    <paragraph>
        <end>434</end>
        <start>217</start>
    </paragraph>
    <paragraph>
        <end>697</end>
        <start>435</start>
    </paragraph>
    <paragraph>
        <end>1000</end>
        <start>698</start>
    </paragraph>
    <paragraph>
        <end>1146</end>
        <start>1001</start>
    </paragraph>
    <paragraph>
        <end>1485</end>
        <start>1147</start>
    </paragraph>
    <paragraph>
        <end>1910</end>
        <start>1486</start>
    </paragraph>
    <paragraph>
        <end>2154</end>
        <start>1911</start>
    </paragraph>
    <paragraph>
        <end>2314</end>
        <start>2155</start>
    </paragraph>
    <paragraph>
        <end>2486</end>
        <start>2315</start>
    </paragraph>
    <paragraph>
        <end>2828</end>
        <start>2487</start>
    </paragraph>
    <paragraph>
        <end>3240</end>
        <start>2829</start>
    </paragraph>
    <paragraph>
        <end>3456</end>
        <start>3241</start>
    </paragraph>
    <paragraph>
        <end>3715</end>
        <start>3457</start>
    </paragraph>
    <paragraph>
        <end>3946</end>
        <start>3716</start>
    </paragraph>
    <paragraph>
        <end>4008</end>
        <start>3947</start>
    </paragraph>
    <paragraph>
        <end>4293</end>
        <start>4009</start>
    </paragraph>
    <paragraph>
        <end>4496</end>
        <start>4294</start>
    </paragraph>
    <paragraph>
        <end>4681</end>
        <start>4497</start>
    </paragraph>
    <paragraph>
        <end>4796</end>
        <start>4682</start>
    </paragraph>
    <paragraph>
        <end>5052</end>
        <start>4797</start>
    </paragraph>
    <paragraph>
        <end>5129</end>
        <start>5053</start>
    </paragraph>
    <paragraph>
        <end>5289</end>
        <start>5130</start>
    </paragraph>
    <paragraph>
        <end>5586</end>
        <start>5290</start>
    </paragraph>
    <paragraph>
        <end>5755</end>
        <start>5587</start>
    </paragraph>
    <paragraph>
        <end>6043</end>
        <start>5756</start>
    </paragraph>
    <paragraph>
        <end>6318</end>
        <start>6044</start>
    </paragraph>
    <paragraph>
        <end>6539</end>
        <start>6319</start>
    </paragraph>
    <paragraph>
        <end>6755</end>
        <start>6540</start>
    </paragraph>
    <paragraph>
        <end>6756</end>
        <start>6756</start>
    </paragraph>
    <paragraph>
        <end>6998</end>
        <start>6757</start>
    </paragraph>
    <paragraph>
        <end>7281</end>
        <start>6999</start>
    </paragraph>
    <paragraph>
        <end>7536</end>
        <start>7282</start>
    </paragraph>
    <paragraph>
        <end>7617</end>
        <start>7537</start>
    </paragraph>
    <paragraph>
        <end>7913</end>
        <start>7618</start>
    </paragraph>
    <paragraph>
        <end>8059</end>
        <start>7914</start>
    </paragraph>
    <paragraph>
        <end>8285</end>
        <start>8060</start>
    </paragraph>
    <paragraph>
        <end>8338</end>
        <start>8286</start>
    </paragraph>
    <paragraph>
        <end>8635</end>
        <start>8339</start>
    </paragraph>
    <paragraph>
        <end>8737</end>
        <start>8636</start>
    </paragraph>
    <paragraph>
        <end>8843</end>
        <start>8738</start>
    </paragraph>
    <portal>cnn</portal>
    <quote>
        <end>78</end>
        <start>68</start>
    </quote>
    <quote>
        <end>215</end>
        <start>172</start>
    </quote>
    <quote>
        <end>298</end>
        <start>260</start>
    </quote>
    <quote>
        <end>433</end>
        <start>376</start>
    </quote>
    <quote>
        <end>1275</end>
        <start>1148</start>
    </quote>
    <quote>
        <end>1484</end>
        <start>1366</start>
    </quote>
    <quote>
        <end>1777</end>
        <start>1577</start>
    </quote>
    <quote>
        <end>1909</end>
        <start>1789</start>
    </quote>
    <quote>
        <end>2283</end>
        <start>2156</start>
    </quote>
    <quote>
        <end>2349</end>
        <start>2339</start>
    </quote>
    <quote>
        <end>2485</end>
        <start>2425</start>
    </quote>
    <quote>
        <end>2679</end>
        <start>2587</start>
    </quote>
    <quote>
        <end>2827</end>
        <start>2692</start>
    </quote>
    <quote>
        <end>3630</end>
        <start>3458</start>
    </quote>
    <quote>
        <end>3839</end>
        <start>3717</start>
    </quote>
    <quote>
        <end>3945</end>
        <start>3867</start>
    </quote>
    <quote>
        <end>4913</end>
        <start>4830</start>
    </quote>
    <quote>
        <end>5288</end>
        <start>5206</start>
    </quote>
    <quote>
        <end>5585</end>
        <start>5430</start>
    </quote>
    <quote>
        <end>6167</end>
        <start>6045</start>
    </quote>
    <quote>
        <end>6317</end>
        <start>6239</start>
    </quote>
    <quote>
        <end>7557</end>
        <start>7538</start>
    </quote>
    <quote>
        <end>7616</end>
        <start>7575</start>
    </quote>
    <quote>
        <end>8058</end>
        <start>7943</start>
    </quote>
    <quote>
        <end>8427</end>
        <start>8419</start>
    </quote>
    <quote>
        <end>8559</end>
        <start>8479</start>
    </quote>
    <quote>
        <end>8691</end>
        <start>8674</start>
    </quote>
    <title>North Korea at UN: US faces 'consequences beyond imagination'</title>
    <uri>http://edition.cnn.com/2016/09/22/politics/north-korea-un-asean/index.html?sr=fbpol092316north-korea-un-asean0303AMStoryLink&amp;linkId=29107068</uri>
    <veracity>mostly true</veracity>
</article>
