<?xml version="1.0" encoding="UTF-8" standalone="yes"?>
<article>
    <author>By Eli Watkins, CNN</author>
    <hyperlink href="http://www.cnn.com/2016/09/25/politics/presidential-debate-what-to-watch/index.html">
        <end>340</end>
        <start>284</start>
    </hyperlink>
    <hyperlink href="http://www.cnn.com/">
        <end>656</end>
        <start>649</start>
    </hyperlink>
    <hyperlink href="http://www.cnn.com/politics">
        <end>670</end>
        <start>658</start>
    </hyperlink>
    <hyperlink href="http://www.cnn.com/2016/09/21/politics/mike-pence-donald-trump-debate/index.html">
        <end>825</end>
        <start>780</start>
    </hyperlink>
    <hyperlink href="http://www.cnn.com/2016/09/20/politics/hillary-clinton-debate/index.html">
        <end>1529</end>
        <start>1464</start>
    </hyperlink>
    <mainText>Washington (CNN)Hillary Clinton and Donald Trump will take the stage Monday night for the first presidential debate, due to be broadcast live most everywhere. It's one of the most anticipated political events of the year, and if you plan on watching it, here's what you need to know. 5 things to watch at Monday night's Clinton-Trump debate The Commission on Presidential Debates, a bipartisan organization that manages the events, will host the first of three general election presidential debates at Hofstra University in New York on Monday, September 26. CNN will air the event in its entirety on its networks as well as through a live stream on CNN.com. CNN Politics will host a live blog offering instant analysis and reaction as the debate unfolds at the top of the screen. Pence set to attend first presidential debate The debate is due to begin at 9:00 p.m. ET and is scheduled to last 90 minutes, without commercials. If you haven't gotten your fill from that, there will be a vice presidential debate on October 4 and two more presidential debates on October 9 and October 19, with the former hosted by CNN's Anderson Cooper. The commission said this first debate will have six time segments for about 15 minutes each. NBC's Lester Holt will act as moderator and open the segments with a question, then Clinton and Trump will have two minutes each to respond. After their initial answers, they can respond to each other for the remainder of the segment. Hillary Clinton prepares for unpredictable Donald Trump at debate Holt announced the topics he would draw from a week ahead of the debate. They are: "America's direction," "achieving prosperity" and "securing America" -- three ambiguous terms pointing to a focus on the economy and security. </mainText>
    <orientation>mainstream</orientation>
    <paragraph>
        <end>158</end>
        <start>0</start>
    </paragraph>
    <paragraph>
        <end>283</end>
        <start>159</start>
    </paragraph>
    <paragraph>
        <end>340</end>
        <start>284</start>
    </paragraph>
    <paragraph>
        <end>557</end>
        <start>341</start>
    </paragraph>
    <paragraph>
        <end>779</end>
        <start>558</start>
    </paragraph>
    <paragraph>
        <end>825</end>
        <start>780</start>
    </paragraph>
    <paragraph>
        <end>1135</end>
        <start>826</start>
    </paragraph>
    <paragraph>
        <end>1463</end>
        <start>1136</start>
    </paragraph>
    <paragraph>
        <end>1529</end>
        <start>1464</start>
    </paragraph>
    <paragraph>
        <end>1755</end>
        <start>1530</start>
    </paragraph>
    <paragraph>
        <end>1756</end>
        <start>1756</start>
    </paragraph>
    <portal>cnn</portal>
    <quote>
        <end>1634</end>
        <start>1614</start>
    </quote>
    <quote>
        <end>1657</end>
        <start>1637</start>
    </quote>
    <quote>
        <end>1680</end>
        <start>1664</start>
    </quote>
    <title>What time the debate starts and how to watch it</title>
    <uri>http://edition.cnn.com/2016/09/22/politics/what-time-where-watch-debate/index.html?sr=fbpol092616what-time-where-watch-debate1217PMVODtopLink&amp;linkId=29198758</uri>
    <veracity>mostly true</veracity>
</article>
