<?xml version="1.0" encoding="UTF-8" standalone="yes"?>
<article>
    <author>By Daniella Diaz and Dan Merica, CNN</author>
    <hyperlink href="http://www.cnn.com/WORLD/9701/29/fringe/miss.universe/">
        <end>3089</end>
        <start>3067</start>
    </hyperlink>
    <hyperlink href="http://www.insideedition.com/headlines/16497-former-miss-universe-accuses-donald-trump-of-fat-shaming-he-called-me-miss-piggy">
        <end>3581</end>
        <start>3567</start>
    </hyperlink>
    <hyperlink href="http://www.nytimes.com/2016/05/15/us/politics/donald-trump-women.html?_r=0">
        <end>3822</end>
        <start>3804</start>
    </hyperlink>
    <mainText>Washington (CNN)Former "Miss Universe" Alicia Machado said she cried when she heard Democratic presidential nominee Hillary Clinton talk about her during the first presidential debate at Hofstra University Monday. "Well, last night I was with my family, with my mom and with my daughter, we were watching the debate and you know, I was really surprised," she said in Spanish during a phone call with reporters set up by the Clinton campaign. "And I started crying. I started crying because I never imagined that such an important person like her would care about my story, know about my story." Machado was referencing a moment during the debate when Clinton slammed Donald Trump's for his past comments toward women -- which has become a key campaign issue that hits on his vulnerabilities with both Hispanics and women. "And one of the worst things he said was about a woman in a beauty contest -- he loves beauty contests, supporting them and hanging around them -- and he called this woman 'Miss Piggy,' then he called her 'Miss Housekeeping' because she was Latina," Clinton had said. She continued: "Donald, she has a name. Her name is Alicia Machado. And she has become a US citizen and you can bet she is going to vote this November." Trump, seemingly caught off-guard, repeatedly interjected: "Where did you find this?" Clinton, according to aides, had been prepped on Machado's story going into the debate and aimed to use it as a way to counter sexism on Trump's part. The Democratic nominee's campaign quickly turned the exchange into what they hoped would be a lasting moment: They published a video about the former beauty pageant winner shortly after the debate, in addition to holding the press call. "I lament that I could be an uncomfortable person for Mr. Trump, but that's how things were," Machado said in the phone call. "And I know very well what's he's capable of, this man. And that's why I am fighting to make the community understand, now more than ever, that Latinos need to support the US, that we need to return all the beautiful and grand things the US has provided for us." When asked how the back-and-forth has played with Spanish speaking media, a Clinton aide had a one-word response: "H-U-G-E." On Tuesday, Trump refused to back down from his criticism of Machado, telling "Fox and Friends" in an interview that Machado had "gained a massive amount of weight and it was a real problem." "She was the winner and you know, she gained a massive amount of weight and it was a real problem. We had a real problem," Trump said. "Not only that, her attitude, and we had a real problem with her, so Hillary went back into the years and she found this girl -- this was many years ago. And found the girl and talked about her like she was Mother Theresa. And it wasn't quite that way but that's OK. Hillary has to do what she has to do." Beauty queen encouraged to lose weight Machado competed and won the "Miss Universe" title representing Venezuela in 1996 when she was 19 years old -- but then she gained nearly 60 pounds, according to a CNN report at the time. "Some people when they have pressure eat too much. Like me. Like Alicia," Trump said at the time. He was then executive producer of the Miss Universe Pageant. In 1997, rumors surfaced that Machado would be forced to give up her Miss Universe crown -- but Trump said he wouldn't let it happen, according to the CNN report. "We had a choice of: termination or do this," he said at the time. "We wanted to do this." By "this," he meant encourage her to lose weight. Machado told Inside Edition in May that she actually gained closer to 15 pounds and that Trump called her "Miss Housekeeping," because she is Latina, and "Miss Piggy." It made her feel "so fat" that it made her "very depressed," she said. Trump told the New York Times that he pushed her to lose weight. "To that, I will plead guilty," he said." But Machado said that she was affected by the comments. "After that episode, I was sick, had anorexia and bulimia for five years," she said. "Over the past 20 years, I've gone to a lot of psychologists to combat this." On Monday, after the presidential debate, she tweeted in Spanish, "Thank you Mrs. Hillary Clinton your respect for women and our differences make you great! I'm with you!" She later tweeted, "I received my passport ! I'm ready to vote For my country for you @HillaryClinton for my daughter For women workers". CNN's Dan Merica and David Wright contributed to this report.</mainText>
    <orientation>mainstream</orientation>
    <paragraph>
        <end>213</end>
        <start>0</start>
    </paragraph>
    <paragraph>
        <end>594</end>
        <start>214</start>
    </paragraph>
    <paragraph>
        <end>821</end>
        <start>595</start>
    </paragraph>
    <paragraph>
        <end>1089</end>
        <start>822</start>
    </paragraph>
    <paragraph>
        <end>1242</end>
        <start>1090</start>
    </paragraph>
    <paragraph>
        <end>1328</end>
        <start>1243</start>
    </paragraph>
    <paragraph>
        <end>1479</end>
        <start>1329</start>
    </paragraph>
    <paragraph>
        <end>1716</end>
        <start>1480</start>
    </paragraph>
    <paragraph>
        <end>2105</end>
        <start>1717</start>
    </paragraph>
    <paragraph>
        <end>2230</end>
        <start>2106</start>
    </paragraph>
    <paragraph>
        <end>2422</end>
        <start>2231</start>
    </paragraph>
    <paragraph>
        <end>2863</end>
        <start>2423</start>
    </paragraph>
    <paragraph>
        <end>2902</end>
        <start>2864</start>
    </paragraph>
    <paragraph>
        <end>3090</end>
        <start>2903</start>
    </paragraph>
    <paragraph>
        <end>3249</end>
        <start>3091</start>
    </paragraph>
    <paragraph>
        <end>3412</end>
        <start>3250</start>
    </paragraph>
    <paragraph>
        <end>3503</end>
        <start>3413</start>
    </paragraph>
    <paragraph>
        <end>3553</end>
        <start>3504</start>
    </paragraph>
    <paragraph>
        <end>3792</end>
        <start>3554</start>
    </paragraph>
    <paragraph>
        <end>3857</end>
        <start>3793</start>
    </paragraph>
    <paragraph>
        <end>3899</end>
        <start>3858</start>
    </paragraph>
    <paragraph>
        <end>3955</end>
        <start>3900</start>
    </paragraph>
    <paragraph>
        <end>4118</end>
        <start>3956</start>
    </paragraph>
    <paragraph>
        <end>4290</end>
        <start>4119</start>
    </paragraph>
    <paragraph>
        <end>4428</end>
        <start>4291</start>
    </paragraph>
    <paragraph>
        <end>4490</end>
        <start>4429</start>
    </paragraph>
    <portal>cnn</portal>
    <quote>
        <end>37</end>
        <start>24</start>
    </quote>
    <quote>
        <end>353</end>
        <start>215</start>
    </quote>
    <quote>
        <end>593</end>
        <start>443</start>
    </quote>
    <quote>
        <end>1070</end>
        <start>823</start>
    </quote>
    <quote>
        <end>1241</end>
        <start>1106</start>
    </quote>
    <quote>
        <end>1327</end>
        <start>1303</start>
    </quote>
    <quote>
        <end>1809</end>
        <start>1718</start>
    </quote>
    <quote>
        <end>2104</end>
        <start>1844</start>
    </quote>
    <quote>
        <end>2229</end>
        <start>2221</start>
    </quote>
    <quote>
        <end>2325</end>
        <start>2310</start>
    </quote>
    <quote>
        <end>2421</end>
        <start>2361</start>
    </quote>
    <quote>
        <end>2544</end>
        <start>2424</start>
    </quote>
    <quote>
        <end>2862</end>
        <start>2559</start>
    </quote>
    <quote>
        <end>37</end>
        <start>24</start>
    </quote>
    <quote>
        <end>3163</end>
        <start>3092</start>
    </quote>
    <quote>
        <end>3457</end>
        <start>3414</start>
    </quote>
    <quote>
        <end>3502</end>
        <start>3481</start>
    </quote>
    <quote>
        <end>3457</end>
        <start>3452</start>
    </quote>
    <quote>
        <end>3679</end>
        <start>3661</start>
    </quote>
    <quote>
        <end>3720</end>
        <start>3709</start>
    </quote>
    <quote>
        <end>3746</end>
        <start>3740</start>
    </quote>
    <quote>
        <end>3781</end>
        <start>3766</start>
    </quote>
    <quote>
        <end>3888</end>
        <start>3859</start>
    </quote>
    <quote>
        <end>3956</end>
        <start>3899</start>
    </quote>
    <quote>
        <end>3793</end>
        <start>3782</start>
    </quote>
    <quote>
        <end>4185</end>
        <start>4118</start>
    </quote>
    <quote>
        <end>4310</end>
        <start>4290</start>
    </quote>
    <title>'Miss Universe' tearfully thanks Clinton for defense against Trump's 'Miss Piggy' remarks</title>
    <uri>http://edition.cnn.com/2016/09/27/politics/who-is-alicia-machado-donald-trump-hillary-clinton-presidential-debate/index.html?sr=fbpol092716who-is-alicia-machado-donald-trump-hillary-clinton-presidential-debate0730AMVODtopLink&amp;linkId=29234518</uri>
    <veracity>mostly true</veracity>
</article>
