<?xml version="1.0" encoding="UTF-8" standalone="yes"?>
<article>
    <author>By Maeve Reston, CNN</author>
    <hyperlink href="http://www.cnn.com/2016/09/27/politics/donald-trump-microphone-presidential-debate/index.html">
        <end>1417</end>
        <start>1385</start>
    </hyperlink>
    <hyperlink href="http://www.cnn.com/2016/09/27/politics/who-is-alicia-machado-donald-trump-hillary-clinton-presidential-debate/index.html">
        <end>2963</end>
        <start>2941</start>
    </hyperlink>
    <mainText>New York (CNN)After 30 years in the spotlight, Hillary Clinton finally found the balance on gender that has bedeviled her throughout her career during the debate at Hofstra Monday night. Demonstrate power, command of the issues and the ability to shred your opponent -- all while seeming (just) likeable enough. Monday night's faceoff with Donald Trump could have been heralded as another historic first for women. But Clinton made no mention of a glass ceiling. There was no self-congratulatory nod to the fact that she was the first female nominee of a major party to take that stage before as many as 100 million people. She wore red, a power color, but with a feminine cut that looked anything but severe. She was smooth and measured; flicking subtly to her gender with a quick mention of granddaughter Charlotte right off the top, but then didn't dwell on it. She didn't lecture. She smiled (a lot) — even as he slid into his role of interrupter-in-chief. Before Monday night's debate, all the attention was on which Donald Trump would appear -- the restrained candidate or the flame-thrower of primary days. But it was the former secretary of state who pulled off the more fascinating performance -- taking command of the stage, dominating Trump on a wide array of issues, luring him into ill-advised digressions about the source of his wealth and whether he pays federal taxes. Trump complains about debate mic In an interesting strategic move, she waited until the very end of the debate to throw her sharpest dart by raising his past descriptions of women "as pigs, slobs and dogs" and his criticism of weight gain by 1996 Miss Universe Alicia Machado. Trump shook his head, demanding where she had gotten her information (it's on tape); but then didn't seem to have an effective response. Instead he wandered off into a digression about Rosie O'Donnell, the meanness of Clinton's ads, and the notion that he had planned to mention Bill Clinton's infidelities -- but was holding back the instinct to say "something extremely rough to Hillary, to her family." "I said to myself, 'I can't do it. I just can't do it,' Trump said. And then the debate was over. One critical task for Clinton in the coming weeks is activating and energizing female voters, particularly moderate Republican and undecided women turned off by Trump. Her team clearly felt her light touch gender strategy -- provoking Trump but not complaining about her treatment -- worked Monday night. Her campaign chairman John Podesta told reporters before leaving New York that Trump's "constant interruption of her probably was reminiscent of the way a lot of women feel about bullies in their lives. He added, "I thought it was kind of unbecoming and he couldn't stop himself." The campaign followed up with a gut-punching web video showing Trump's comments on Machado's weight and the nickname she said he adopted for the Latina contest winner: "Miss Housekeeping." Who is Alicia Machado? In a gaggle with reporters en route to North Carolina, Clinton brushed off Trump's interruptions, taking a page from Carly Fiorina's playbook when Trump made comments during the GOP primary about her face. "I think his demeanor, his temperament, his behavior on the stage could be seen by everybody," Clinton told reporters who had asked about his frequent interruptions. The strategy? Let women judge for themselves. Was she fearful of future mentions of Bill Clinton's infidelity? "He can run his campaign however he chooses, and, you know, I will continue to talk about what I want to do for the American people," she replied. As the race has tightened in recent weeks, Trump's aides believe it is in part because they are making gains among suburban women, particularly in states like Colorado and Pennsylvania, who like Trump's childcare plan and his recent policy speeches. How Trump's performance affects that calculus remains to be seen. But he seemed to have walked into Clinton's trap on Fox &amp; Friends Tuesday morning when he defended his comments about Machado's weight. "I know that person, that person was a Miss Universe person, and she was the worst we ever had. The worst, the absolute worst," Trump said, later adding, "She was the winner and you know, she gained a massive amount of weight and it was a real problem." Clearly Trump isn't afraid to double down on his past comments about women, even when his advisers have tried to steer him toward more substantive policy issues. And Clinton is going to let that play out. CNN's Dan Merica contributed to this report.</mainText>
    <orientation>mainstream</orientation>
    <paragraph>
        <end>186</end>
        <start>0</start>
    </paragraph>
    <paragraph>
        <end>311</end>
        <start>187</start>
    </paragraph>
    <paragraph>
        <end>623</end>
        <start>312</start>
    </paragraph>
    <paragraph>
        <end>864</end>
        <start>624</start>
    </paragraph>
    <paragraph>
        <end>960</end>
        <start>865</start>
    </paragraph>
    <paragraph>
        <end>1113</end>
        <start>961</start>
    </paragraph>
    <paragraph>
        <end>1384</end>
        <start>1114</start>
    </paragraph>
    <paragraph>
        <end>1417</end>
        <start>1385</start>
    </paragraph>
    <paragraph>
        <end>1661</end>
        <start>1418</start>
    </paragraph>
    <paragraph>
        <end>2067</end>
        <start>1662</start>
    </paragraph>
    <paragraph>
        <end>2165</end>
        <start>2068</start>
    </paragraph>
    <paragraph>
        <end>2333</end>
        <start>2166</start>
    </paragraph>
    <paragraph>
        <end>2470</end>
        <start>2334</start>
    </paragraph>
    <paragraph>
        <end>2673</end>
        <start>2471</start>
    </paragraph>
    <paragraph>
        <end>2751</end>
        <start>2674</start>
    </paragraph>
    <paragraph>
        <end>2940</end>
        <start>2752</start>
    </paragraph>
    <paragraph>
        <end>2963</end>
        <start>2941</start>
    </paragraph>
    <paragraph>
        <end>3169</end>
        <start>2964</start>
    </paragraph>
    <paragraph>
        <end>3335</end>
        <start>3170</start>
    </paragraph>
    <paragraph>
        <end>3381</end>
        <start>3336</start>
    </paragraph>
    <paragraph>
        <end>3446</end>
        <start>3382</start>
    </paragraph>
    <paragraph>
        <end>3593</end>
        <start>3447</start>
    </paragraph>
    <paragraph>
        <end>3843</end>
        <start>3594</start>
    </paragraph>
    <paragraph>
        <end>4045</end>
        <start>3844</start>
    </paragraph>
    <paragraph>
        <end>4299</end>
        <start>4046</start>
    </paragraph>
    <paragraph>
        <end>4461</end>
        <start>4300</start>
    </paragraph>
    <paragraph>
        <end>4504</end>
        <start>4462</start>
    </paragraph>
    <paragraph>
        <end>4549</end>
        <start>4505</start>
    </paragraph>
    <portal>cnn</portal>
    <quote>
        <end>1589</end>
        <start>1566</start>
    </quote>
    <quote>
        <end>2066</end>
        <start>2014</start>
    </quote>
    <quote>
        <end>2558</end>
        <start>2069</start>
    </quote>
    <quote>
        <end>2750</end>
        <start>2685</start>
    </quote>
    <quote>
        <end>2939</end>
        <start>2921</start>
    </quote>
    <quote>
        <end>3263</end>
        <start>3171</start>
    </quote>
    <quote>
        <end>3579</end>
        <start>3448</start>
    </quote>
    <quote>
        <end>4172</end>
        <start>4047</start>
    </quote>
    <quote>
        <end>4298</end>
        <start>4201</start>
    </quote>
    <title>How Hillary Clinton found her stride on gender</title>
    <uri>http://edition.cnn.com/2016/09/27/politics/hillary-clinton-debate-gender/index.html?sr=fbpol092716hillary-clinton-debate-gender0701PMVODtopLink&amp;linkId=29257137</uri>
    <veracity>no factual content</veracity>
</article>
