<?xml version="1.0" encoding="UTF-8" standalone="yes"?>
<article>
    <author>Brian Stelter</author>
    <hyperlink href="https://twitter.com/davidplouffe/status/780649287168516096">
        <end>1210</end>
        <start>1203</start>
    </hyperlink>
    <hyperlink href="http://www.cbsnews.com/news/undecided-pennsylvania-voters-on-who-they-think-won-the-presidential-debate/">
        <end>2386</end>
        <start>2336</start>
    </hyperlink>
    <hyperlink href="https://twitter.com/FlitterOnFraud/status/780861579218685952">
        <end>3262</end>
        <start>3254</start>
    </hyperlink>
    <hyperlink href="http://www.cnn.com/2016/09/27/politics/hillary-clinton-donald-trump-debate-poll/">
        <end>4368</end>
        <start>4310</start>
    </hyperlink>
    <hyperlink href="http://money.cnn.com/2016/09/27/media/debate-ratings-record-viewership/index.html">
        <end>5064</end>
        <start>5004</start>
    </hyperlink>
    <mainText>"We won every poll. Virtually every poll," he told supporters Tuesday afternoon, challenging the media consensus that Hillary Clinton prevailed. Trump also promoted eleven of these so-called polls in a tweet, calling his wins in them "such a great honor."  But the things Trump called "debate polls" -- implying rigorous, scientific polling -- were informal web site surveys that invited anyone to respond. Republican pollster Kristen Soltis Anderson told CNNMoney that the surveys are like "junk food." Meaningful national polls seek a diverse sample of respondents. The goal is to accurately represent the views of the country by accounting for differences in age, gender, party affiliations and other factors. That's not possible when anonymous web users fill out online surveys. People choose whether to participate, and they can vote multiple times, further warping the results. The only thing these surveys can measure, to a limited degree, is enthusiasm -- and some Trump supporters are definitely enthusiastic. But political scientists and researchers say it is a mistake to read much more than that into unscientific survey results. Early Tuesday morning, former Obama strategist David Plouffe tweeted that the online surveys cited by Trump are simply "bogus." Trump's proclivity for unscientific surveys was on display throughout the primary season. He frequently claimed that he "won" debates based on self-selecting polls conducted by web sites like The Drudge Report. Several respected news outlets -- Time, CNBC and Fortune to name three -- posted the surveys after Monday's debate, lending the unreliable practice an air of credibility. While sites like Time may value giving visitors a way to opine about the debate, Trump's embrace of the results ends up embarrassing both himself and the news outlet involved. "These snap polls are just a way to feed the beast until the next batch of appropriately-conducted polls can come out to tell us if voters actually moved. It's like eating a junk food snack between meals," Anderson said. Trump's tweet also cited surveys from obscure web sites like "PolitOpinion." In one case on Tuesday, Trump even cited a poll that did not exist. "I won CBS," he said on "Fox &amp; Friends." CBS correspondent Major Garrett took to Twitter to clarify: "We did not conduct a post-debate poll." CBS did conduct a focus group of undecided voters, and Clinton came out ahead. Trump said on Fox that the survey results "mean a lot" to him, noting that hundreds of thousands of votes were cast on some of the web sites. That's true, but since people can vote multiple times -- and, with the right software, perhaps even more than that -- it isn't necessarily meaningful. Nevertheless, the surveys allow Trump and his aides to rail against media elite reactions to the debate and argue that voters are outsmarting pundits. And that's exactly what the campaign did on Tuesday. "Trump won" was the campaign's dominant social media message, citing the surveys as proof. Some political reporters called out the tactic. ‏"Trump's aggressive promotion of online (easily manipulated, non-scientific) polls saying he 'won' is a calculated effort to create a reality," Emily Flitter, who covers the Trump campaign for Reuters, tweeted. But the co-hosts of "Fox &amp; Friends," who are reliable cheerleaders for Trump, went along with Trump's talking point. Other Fox hosts also picked up on it, even though the network has its own well-regarded polling unit. Fox morning news anchor Martha MacCallum said debate watchers are "leaning toward Donald Trump, and by pretty large margins in most of these viewer polls." She called CNN's poll the "outlier," showing Clinton as the clear winner among debate watchers. In fact, CNN/ORC's poll was one of the few polls conducted by professional researchers immediately following the debate. "Clinton was deemed the winner of Monday night's debate by 62% of voters who tuned in to watch, while just 27% said they thought Trump had the better night," CNN polling director Jennifer Agiesta wrote, based on the findings of interviews with 521 registered voters. "Although the survey suggested debate watchers were more apt to describe themselves as Democrats than the overall pool of voters, even independents who watched deemed Clinton the winner." Related: Post-debate poll: Hillary Clinton takes round one Conflating CNN's scientific poll with unscientific surveys, as both Trump and MacCallum did, is highly misleading. Some web sites, hungry for traffic, glommed on to the Trump-invented controversy. "Majority of snap polls show Trump won debate by a landslide despite CNN's overwhelming victory for Hillary in biggest official survey," The Daily Mail web site said. Unhappy with the results of CNN's scientific poll, Trump criticized the network on Twitter, on Fox and at a campaign event. "We won virtually every poll. Except for CNN. And nobody watches CNN," he said. About 10 million people watched the debate on CNN on Monday night. Overall, more than 80 million people tuned in on television, and millions more live-streamed the debate on the Internet.</mainText>
    <orientation>mainstream</orientation>
    <paragraph>
        <end>144</end>
        <start>0</start>
    </paragraph>
    <paragraph>
        <end>255</end>
        <start>145</start>
    </paragraph>
    <paragraph>
        <end>256</end>
        <start>256</start>
    </paragraph>
    <paragraph>
        <end>406</end>
        <start>257</start>
    </paragraph>
    <paragraph>
        <end>503</end>
        <start>407</start>
    </paragraph>
    <paragraph>
        <end>712</end>
        <start>504</start>
    </paragraph>
    <paragraph>
        <end>883</end>
        <start>713</start>
    </paragraph>
    <paragraph>
        <end>1018</end>
        <start>884</start>
    </paragraph>
    <paragraph>
        <end>1141</end>
        <start>1019</start>
    </paragraph>
    <paragraph>
        <end>1269</end>
        <start>1142</start>
    </paragraph>
    <paragraph>
        <end>1480</end>
        <start>1270</start>
    </paragraph>
    <paragraph>
        <end>1651</end>
        <start>1481</start>
    </paragraph>
    <paragraph>
        <end>1827</end>
        <start>1652</start>
    </paragraph>
    <paragraph>
        <end>2048</end>
        <start>1828</start>
    </paragraph>
    <paragraph>
        <end>2125</end>
        <start>2049</start>
    </paragraph>
    <paragraph>
        <end>2234</end>
        <start>2126</start>
    </paragraph>
    <paragraph>
        <end>2335</end>
        <start>2235</start>
    </paragraph>
    <paragraph>
        <end>2414</end>
        <start>2336</start>
    </paragraph>
    <paragraph>
        <end>2556</end>
        <start>2415</start>
    </paragraph>
    <paragraph>
        <end>2707</end>
        <start>2557</start>
    </paragraph>
    <paragraph>
        <end>2858</end>
        <start>2708</start>
    </paragraph>
    <paragraph>
        <end>3002</end>
        <start>2859</start>
    </paragraph>
    <paragraph>
        <end>3050</end>
        <start>3003</start>
    </paragraph>
    <paragraph>
        <end>3262</end>
        <start>3051</start>
    </paragraph>
    <paragraph>
        <end>3481</end>
        <start>3263</start>
    </paragraph>
    <paragraph>
        <end>3637</end>
        <start>3482</start>
    </paragraph>
    <paragraph>
        <end>3733</end>
        <start>3638</start>
    </paragraph>
    <paragraph>
        <end>3854</end>
        <start>3734</start>
    </paragraph>
    <paragraph>
        <end>4309</end>
        <start>3855</start>
    </paragraph>
    <paragraph>
        <end>4368</end>
        <start>4310</start>
    </paragraph>
    <paragraph>
        <end>4483</end>
        <start>4369</start>
    </paragraph>
    <paragraph>
        <end>4732</end>
        <start>4484</start>
    </paragraph>
    <paragraph>
        <end>4856</end>
        <start>4733</start>
    </paragraph>
    <paragraph>
        <end>4936</end>
        <start>4857</start>
    </paragraph>
    <paragraph>
        <end>5124</end>
        <start>4937</start>
    </paragraph>
    <portal>cnn</portal>
    <title>The problem with Donald Trump's 'we won every poll' claim</title>
    <uri>http://money.cnn.com/2016/09/27/media/donald-trump-snap-internet-polls/index.html</uri>
    <veracity>mostly true</veracity>
</article>
