<?xml version="1.0" encoding="UTF-8" standalone="yes"?>
<article>
    <author>iPatriot</author>
    <hyperlink href="http://www.iPatriot.com">
        <end>66</end>
        <start>0</start>
    </hyperlink>
    <hyperlink href="http://ipatriot.com/not-racist-question-birth-certificate/">
        <end>1418</end>
        <start>1372</start>
    </hyperlink>
    <mainText>Go to www.iPatriot.com and Join the Citizen Journalist Revolution! The Democrats are using an intimidation tactic which they are prone to use incessantly. If you question the veracity of a black president’s birth certificate you are racist. That is the outright claim of Lynn Sweet Washington Bureau Chief for the Chicago Sun-Times made on Fox News. Consider the slanted claim that if a president is black and his birth certificate is called into question the conclusion is you must be a racist. What is wrong with this obvious non-sequitur? First of all, there is evidence the birth certificate presented was altered. This is discounted by the claims that whoever presented this must be racist. Secondly, the social security number presented of Barack Obama was issued in Connecticut where there is no record of him domiciling there. Third, the hospital that issued his birth certificate in Hawaii didn’t exist when it was “issued.” Fourth, an examination of the birth certificate produced several errors that could only be attributed to falsification. Has an unquestioned birth certificate ever been presented?  No, only a cry of racism when the request is made.  They can’t produce an original document and they then rely on the smear of “birther” and racism to substantiate that which they can produce no physical evidence of.  Sadly, Donald Trump has bowed to their… Read the rest of the story at www.iPatriot.com  The views expressed in this opinion article are solely those of their author and are not necessarily either shared or endorsed by EagleRising.com Get your daily dose of Eagle Rising by entering your email address below.</mainText>
    <orientation>right</orientation>
    <paragraph>
        <end>66</end>
        <start>0</start>
    </paragraph>
    <paragraph>
        <end>541</end>
        <start>67</start>
    </paragraph>
    <paragraph>
        <end>1371</end>
        <start>542</start>
    </paragraph>
    <paragraph>
        <end>1418</end>
        <start>1372</start>
    </paragraph>
    <paragraph>
        <end>1419</end>
        <start>1419</start>
    </paragraph>
    <paragraph>
        <end>1565</end>
        <start>1420</start>
    </paragraph>
    <paragraph>
        <end>1639</end>
        <start>1566</start>
    </paragraph>
    <portal>eagle-rising</portal>
    <quote>
        <end>932</end>
        <start>925</start>
    </quote>
    <quote>
        <end>1249</end>
        <start>1242</start>
    </quote>
    <quote>
        <end>1601</end>
        <start>1589</start>
    </quote>
    <title>Why is it “RACIST” to Question Someone’s Birth Certificate?</title>
    <uri>http://eaglerising.com/36841/why-is-it-racist-to-question-someones-birth-certificate/</uri>
    <veracity>mostly false</veracity>
</article>
