<?xml version="1.0" encoding="UTF-8" standalone="yes"?>
<article>
    <author>A.F. Branco</author>
    <hyperlink href="http://2lv0hm3wvpix464wwy2zh7d1.wpengine.netdna-cdn.com/wp-content/uploads/2016/09/disposables.jpg">
        <end>0</end>
        <start>0</start>
    </hyperlink>
    <hyperlink href="http://comicallyincorrect.com/2016/09/19/basket-of-disposables/">
        <end>184</end>
        <start>108</start>
    </hyperlink>
    <mainText>Basket Case Speaking of Hillary’s basket of deplorables, what about her basket of disposables in Benghazi?  See this and more of A.F. Branco’s political cartoons at Comically Incorrect  The views expressed in this opinion article are solely those of their author and are not necessarily either shared or endorsed by EagleRising.com Get your daily dose of Eagle Rising by entering your email address below.</mainText>
    <orientation>right</orientation>
    <paragraph>
        <end>11</end>
        <start>0</start>
    </paragraph>
    <paragraph>
        <end>106</end>
        <start>12</start>
    </paragraph>
    <paragraph>
        <end>107</end>
        <start>107</start>
    </paragraph>
    <paragraph>
        <end>184</end>
        <start>108</start>
    </paragraph>
    <paragraph>
        <end>185</end>
        <start>185</start>
    </paragraph>
    <paragraph>
        <end>331</end>
        <start>186</start>
    </paragraph>
    <paragraph>
        <end>405</end>
        <start>332</start>
    </paragraph>
    <portal>eagle-rising</portal>
    <quote>
        <end>367</end>
        <start>355</start>
    </quote>
    <title>Cartoon: Hillary’s Basket of DISPOSABLES</title>
    <uri>http://eaglerising.com/36868/cartoon-basket-of-disposables/</uri>
    <veracity>no factual content</veracity>
</article>
