<?xml version="1.0" encoding="UTF-8" standalone="yes"?>
<article>
    <author></author>
    <hyperlink href="https://twitter.com/chrislhayes/status/777895206846955520">
        <end>419</end>
        <start>401</start>
    </hyperlink>
    <hyperlink href="https://twitter.com/chrislhayes">
        <end>399</end>
        <start>387</start>
    </hyperlink>
    <hyperlink href="https://twitter.com/samsteinhp/status/777895307061432320">
        <end>419</end>
        <start>401</start>
    </hyperlink>
    <hyperlink href="https://twitter.com/samsteinhp">
        <end>646</end>
        <start>635</start>
    </hyperlink>
    <hyperlink href="https://twitter.com/chrislhayes">
        <end>399</end>
        <start>387</start>
    </hyperlink>
    <hyperlink href="https://twitter.com/yesnicksearcy/status/777902921027506176">
        <end>419</end>
        <start>401</start>
    </hyperlink>
    <hyperlink href="https://twitter.com/chrislhayes">
        <end>399</end>
        <start>387</start>
    </hyperlink>
    <hyperlink href="https://twitter.com/charlescwcooke/status/777897095713918976">
        <end>419</end>
        <start>401</start>
    </hyperlink>
    <hyperlink href="https://twitter.com/Mark_Meed">
        <end>1286</end>
        <start>1276</start>
    </hyperlink>
    <hyperlink href="https://twitter.com/chrislhayes">
        <end>399</end>
        <start>387</start>
    </hyperlink>
    <hyperlink href="https://twitter.com/KurtSchlichter/status/777899833621307397">
        <end>419</end>
        <start>401</start>
    </hyperlink>
    <hyperlink href="https://twitter.com/chrislhayes">
        <end>399</end>
        <start>387</start>
    </hyperlink>
    <hyperlink href="https://t.co/M2X6uIeFrx">
        <end>1433</end>
        <start>1407</start>
    </hyperlink>
    <hyperlink href="https://twitter.com/RadioFreeTom/status/777901659733254144">
        <end>419</end>
        <start>401</start>
    </hyperlink>
    <mainText>Leftist loon Chris Hayes, host of little-watched All In With Chris Hayes on MSNBC, took to Twitter to bless us with his idiocy on Monday, expressing his relief that the radical Islamic terrorist who attacked New York over the weekend used bombs rather than guns for the attack. We're also very very lucky that the attackers tried to use explosives rather than guns. — Christopher Hayes (@chrislhayes) September 19, 2016  God only knows how to interpret Hayes’ logic. I’m not even going to take a stab at it. However, the reaction on Twitter was immediate and brutal: @chrislhayes and knives rather than a gun in Minnesota — Sam Stein (@samsteinhp) September 19, 2016  Even actor Nick Searcy weighed in… Hey, by the way, how did that guy with the knife in MN get stopped? OMG IT WAS A GUN THAT STOPPED HIS KNIFE!!!! @samsteinhp @chrislhayes — Yes, Nick $earcy! (@yesnicksearcy) September 19, 2016  Because as we all know, bombs are preferred to “evil” guns, right Chris? @chrislhayes He shot a cop this morning. One person. His bomb injured 29, and could have been a lot more deadly. — Charles C. W. Cooke (@charlescwcooke) September 19, 2016  Some wise advice from the crowd: Buy guns. You have a duty to protect others. And it enrages liberals who want you helpless. Win-win.@Mark_Meed @chrislhayes — Kurt Schlichter (@KurtSchlichter) September 19, 2016  This expression explains it all: .@chrislhayes Uh. pic.twitter.com/M2X6uIeFrx — Tom Nichols (@RadioFreeTom) September 19, 2016  Bombs could hurt and/or kill people a lot faster than guns, Chris. Probably Hayes and his progressive leftist Democrat ilk, from Obama on down, would have loved for guns to be used rather than bombs because then they could use the attack as an anti-Second Amendment rights issue. But since a knife was used in Minnesota and bombs were used in New York, Hayes and lunatics like him won’t have that luxury. Oh, and Chris, there are already plenty of laws against stabbing people and setting off bombs. Why aren’t you asking for more knife or bomb control, hmmm?  Email Subscribe</mainText>
    <orientation>right</orientation>
    <paragraph>
        <end>277</end>
        <start>0</start>
    </paragraph>
    <paragraph>
        <end>365</end>
        <start>278</start>
    </paragraph>
    <paragraph>
        <end>419</end>
        <start>366</start>
    </paragraph>
    <paragraph>
        <end>420</end>
        <start>420</start>
    </paragraph>
    <paragraph>
        <end>566</end>
        <start>421</start>
    </paragraph>
    <paragraph>
        <end>621</end>
        <start>567</start>
    </paragraph>
    <paragraph>
        <end>666</end>
        <start>622</start>
    </paragraph>
    <paragraph>
        <end>667</end>
        <start>667</start>
    </paragraph>
    <paragraph>
        <end>702</end>
        <start>668</start>
    </paragraph>
    <paragraph>
        <end>839</end>
        <start>703</start>
    </paragraph>
    <paragraph>
        <end>895</end>
        <start>840</start>
    </paragraph>
    <paragraph>
        <end>896</end>
        <start>896</start>
    </paragraph>
    <paragraph>
        <end>969</end>
        <start>897</start>
    </paragraph>
    <paragraph>
        <end>1082</end>
        <start>970</start>
    </paragraph>
    <paragraph>
        <end>1141</end>
        <start>1083</start>
    </paragraph>
    <paragraph>
        <end>1142</end>
        <start>1142</start>
    </paragraph>
    <paragraph>
        <end>1175</end>
        <start>1143</start>
    </paragraph>
    <paragraph>
        <end>1299</end>
        <start>1176</start>
    </paragraph>
    <paragraph>
        <end>1354</end>
        <start>1300</start>
    </paragraph>
    <paragraph>
        <end>1355</end>
        <start>1355</start>
    </paragraph>
    <paragraph>
        <end>1388</end>
        <start>1356</start>
    </paragraph>
    <paragraph>
        <end>1433</end>
        <start>1389</start>
    </paragraph>
    <paragraph>
        <end>1482</end>
        <start>1434</start>
    </paragraph>
    <paragraph>
        <end>1483</end>
        <start>1483</start>
    </paragraph>
    <paragraph>
        <end>1888</end>
        <start>1484</start>
    </paragraph>
    <paragraph>
        <end>2043</end>
        <start>1889</start>
    </paragraph>
    <paragraph>
        <end>2044</end>
        <start>2044</start>
    </paragraph>
    <paragraph>
        <end>2050</end>
        <start>2045</start>
    </paragraph>
    <paragraph>
        <end>2060</end>
        <start>2051</start>
    </paragraph>
    <portal>eagle-rising</portal>
    <quote>
        <end>949</end>
        <start>945</start>
    </quote>
    <quote>
        <end>419</end>
        <start>278</start>
    </quote>
    <quote>
        <end>666</end>
        <start>567</start>
    </quote>
    <quote>
        <end>895</end>
        <start>703</start>
    </quote>
    <quote>
        <end>1141</end>
        <start>970</start>
    </quote>
    <quote>
        <end>1354</end>
        <start>1176</start>
    </quote>
    <quote>
        <end>1482</end>
        <start>1389</start>
    </quote>
    <title>The hardest-hitting political news.</title>
    <uri>http://politistick.com/msnbc-host-chris-hayes-thankful-ny-terrorist-used-bombs/</uri>
    <veracity>mostly true</veracity>
</article>
