<?xml version="1.0" encoding="UTF-8" standalone="yes"?>
<article>
    <author>Allen West</author>
    <hyperlink href="http://allenwestrepublic.com/allen-west-i-have-a-personal-message-for-christian-voters/">
        <end>27</end>
        <start>23</start>
    </hyperlink>
    <mainText>The document has moved here.</mainText>
    <orientation>right</orientation>
    <paragraph>
        <end>28</end>
        <start>0</start>
    </paragraph>
    <portal>eagle-rising</portal>
    <title>Moved Permanently</title>
    <uri>http://allenwestrepublic.com/2016/09/19/allen-west-i-have-a-personal-message-for-christian-voters/</uri>
    <veracity>no factual content</veracity>
</article>
