<?xml version="1.0" encoding="UTF-8" standalone="yes"?>
<article>
    <author>A.F. Branco</author>
    <hyperlink href="http://2lv0hm3wvpix464wwy2zh7d1.wpengine.netdna-cdn.com/wp-content/uploads/2016/09/counter-terrorism.jpg">
        <end>0</end>
        <start>0</start>
    </hyperlink>
    <hyperlink href="http://comicallyincorrect.com/2016/09/20/hillary-counter-terrorism/">
        <end>251</end>
        <start>175</start>
    </hyperlink>
    <mainText>Ready to Blow The Obama/Hillary counter-terrorism policies are a ticking time bomb for the United States. Included in this is their immigration and refugee vetting policies.  See this and more of A.F. Branco’s political cartoons at Comically Incorrect  The views expressed in this opinion article are solely those of their author and are not necessarily either shared or endorsed by EagleRising.com Get your daily dose of Eagle Rising by entering your email address below.</mainText>
    <orientation>right</orientation>
    <paragraph>
        <end>13</end>
        <start>0</start>
    </paragraph>
    <paragraph>
        <end>173</end>
        <start>14</start>
    </paragraph>
    <paragraph>
        <end>174</end>
        <start>174</start>
    </paragraph>
    <paragraph>
        <end>251</end>
        <start>175</start>
    </paragraph>
    <paragraph>
        <end>252</end>
        <start>252</start>
    </paragraph>
    <paragraph>
        <end>398</end>
        <start>253</start>
    </paragraph>
    <paragraph>
        <end>472</end>
        <start>399</start>
    </paragraph>
    <portal>eagle-rising</portal>
    <quote>
        <end>434</end>
        <start>422</start>
    </quote>
    <title>Cartoon: The Obama/Hillary Counter-Terrorism Policy</title>
    <uri>http://eaglerising.com/36901/cartoon-the-obamahillary-counter-terrorism-policy/</uri>
    <veracity>no factual content</veracity>
</article>
