<?xml version="1.0" encoding="UTF-8" standalone="yes"?>
<article>
    <author>Conservative Byte</author>
    <mainText>Hillary Clinton was giving a speech in Philadelphia, Pennsylvania, on Monday, she appeared to have something quite off about her appearance. Watch her eyes! What is up with that? It looks almost neurological. We are not doctors but someone needs to check this out its almost a loss of control of her eyes. Make sure you watch her left eye (our right) and then replay it and watch how they are not really in sync with one another in several instances.</mainText>
    <orientation>right</orientation>
    <paragraph>
        <end>140</end>
        <start>0</start>
    </paragraph>
    <paragraph>
        <end>305</end>
        <start>141</start>
    </paragraph>
    <paragraph>
        <end>450</end>
        <start>306</start>
    </paragraph>
    <portal>eagle-rising</portal>
    <title>HOLY COW! What Is Up With Hillary’s Eyes? [Video]</title>
    <uri>http://conservativebyte.com/2016/09/what-was-up-with-hillarys-eyes-video/</uri>
    <veracity>no factual content</veracity>
</article>
