<?xml version="1.0" encoding="UTF-8" standalone="yes"?>
<article>
    <author>iPatriot</author>
    <hyperlink href="http://ipatriot.com/trump-hillary-warring-views-terrorism/">
        <end>1518</end>
        <start>1472</start>
    </hyperlink>
    <mainText>Americanism vs. Globalism – Democrats think we’re in a war of words with radicals who are “hijacking” Islam, while Republicans understand that this is a real war against savages who are killing any who oppose them. America is more at war with itself than with the external enemies that are working at destroying us.  Trump and Hillary are now leading the opposing factions in America who see the country from opposite points of view. To the Right, the nation is being destroyed by foreigners who are immigrating to America who don’t want to assimilate to become Americans, but make Americans to assimilate and become like them, and corrupt criminals in Washington are assisting them. To the Left, America is a nation of greedy, racist haters who have imposed themselves on other nations to steal resources from them, and Americans are fearful of progress, fearful of other people, and selfishly refuse to become a nation of the world’s global culture. The problem with America, leftists believe, is that self-righteous, hateful Christians are resistant to the good sense of atheists and the peaceful religion of Islam. They label terrorists conducting mass shootings, bombings, and genocides as Islamist jihadis. Obama and Hillary say they are not Islamists, but atheists who are trying to incite a war by duping Christians into condemning good Muslims.  Moslems who want to impose Sharia law on the world are good people they say. Which candidate has the right solution… Read the rest of the story at www.iPatriot.com  The views expressed in this opinion article are solely those of their author and are not necessarily either shared or endorsed by EagleRising.com Get your daily dose of Eagle Rising by entering your email address below.</mainText>
    <orientation>right</orientation>
    <paragraph>
        <end>214</end>
        <start>0</start>
    </paragraph>
    <paragraph>
        <end>951</end>
        <start>215</start>
    </paragraph>
    <paragraph>
        <end>1431</end>
        <start>952</start>
    </paragraph>
    <paragraph>
        <end>1471</end>
        <start>1432</start>
    </paragraph>
    <paragraph>
        <end>1518</end>
        <start>1472</start>
    </paragraph>
    <paragraph>
        <end>1519</end>
        <start>1519</start>
    </paragraph>
    <paragraph>
        <end>1665</end>
        <start>1520</start>
    </paragraph>
    <paragraph>
        <end>1739</end>
        <start>1666</start>
    </paragraph>
    <portal>eagle-rising</portal>
    <quote>
        <end>100</end>
        <start>91</start>
    </quote>
    <quote>
        <end>1701</end>
        <start>1689</start>
    </quote>
    <title>Obama: “We Are in a Narrative Fight With ISIS”</title>
    <uri>http://eaglerising.com/36928/obama-we-are-in-a-narrative-fight-with-isis/</uri>
    <veracity>mixture of true and false</veracity>
</article>
