<?xml version="1.0" encoding="UTF-8" standalone="yes"?>
<article>
    <author>eaglerising</author>
    <hyperlink href="http://dailycallernewsfoundation.org/2016/09/21/clinton-outspends-trump-by-31-million-to-no-effect/">
        <end>38</end>
        <start>0</start>
    </hyperlink>
    <hyperlink href="http://bigstory.ap.org/article/e80b356a03204fff8b260618cb458017/clinton-campaign-raced-through-50-million-last-month">
        <end>345</end>
        <start>329</start>
    </hyperlink>
    <hyperlink href="https://t.co/0nuHz9tOYL">
        <end>561</end>
        <start>538</start>
    </hyperlink>
    <hyperlink href="https://twitter.com/Doranimated/status/778599554585419776">
        <end>608</end>
        <start>590</start>
    </hyperlink>
    <hyperlink href="http://projects.fivethirtyeight.com/2016-election-forecast/?ex_cid=rrpromo">
        <end>943</end>
        <start>925</start>
    </hyperlink>
    <hyperlink href="http://dailycaller.com/2016/09/20/nate-silver-raises-trumps-presidential-odds-after-new-polling/">
        <end>1050</end>
        <start>1035</start>
    </hyperlink>
    <hyperlink href="http://www.realclearpolitics.com/epolls/2016/president/us/general_election_trump_vs_clinton-5491.html">
        <end>933</end>
        <start>925</start>
    </hyperlink>
    <hyperlink href="http://www.realclearpolitics.com/epolls/2016/president/fl/florida_trump_vs_clinton-5635.html">
        <end>1343</end>
        <start>1326</start>
    </hyperlink>
    <mainText>From the Daily Caller News Foundation: Democratic nominee Hillary Clinton outspent Republican nominee Donald Trump by $31 million, and still trails Trump in some swing state polls. “Our expenditures on advertising, our expenditures on people, our expenditures on everything are a tiny fraction. And yet we’re minimum tied,” Trump told supporters at a rally in North Carolina Tuesday. “If you can spend less and be winning, that’s a positive thing, right?” Clinton and Dems outspent Trump and GOP by $31 million last month, to no effect | https://t.co/0nuHz9tOYL — Mike Doran (@Doranimated) September 21, 2016  Much of Clinton’s spending was made up of campaign ads. Clinton spends $10 million or so every week, across 11 states and ran almost 36,000 commercials. Trump only paid for about 7,500 commercials during the month of August. Trump’s largest expenditure was $11 million for digital consulting and online ads. Clinton started the month of August with a 64.8 percent chance of winning, according to statistics site 538, and the latest analysis gave Clinton a 57.1 percent chance of winning. The Real Clear Average gives Clinton a 1.1 percent lead over Trump at 45 percent to Trump’s 43.9 percent. Clinton started August with 44 percent in a head-to-head poll average, and Trump had 43.5 percent. Trump and Clinton were tied in the swing state of Florida at 43 percent each in the beginning of August, and both are now tied at 45 percentage points in the Real Clear Average for the state.  The views expressed in this opinion article are solely those of their author and are not necessarily either shared or endorsed by EagleRising.com Get your daily dose of Eagle Rising by entering your email address below.</mainText>
    <orientation>right</orientation>
    <paragraph>
        <end>38</end>
        <start>0</start>
    </paragraph>
    <paragraph>
        <end>180</end>
        <start>39</start>
    </paragraph>
    <paragraph>
        <end>455</end>
        <start>181</start>
    </paragraph>
    <paragraph>
        <end>561</end>
        <start>456</start>
    </paragraph>
    <paragraph>
        <end>608</end>
        <start>562</start>
    </paragraph>
    <paragraph>
        <end>609</end>
        <start>609</start>
    </paragraph>
    <paragraph>
        <end>834</end>
        <start>610</start>
    </paragraph>
    <paragraph>
        <end>917</end>
        <start>835</start>
    </paragraph>
    <paragraph>
        <end>1097</end>
        <start>918</start>
    </paragraph>
    <paragraph>
        <end>1302</end>
        <start>1098</start>
    </paragraph>
    <paragraph>
        <end>1494</end>
        <start>1303</start>
    </paragraph>
    <paragraph>
        <end>1495</end>
        <start>1495</start>
    </paragraph>
    <paragraph>
        <end>1641</end>
        <start>1496</start>
    </paragraph>
    <paragraph>
        <end>1715</end>
        <start>1642</start>
    </paragraph>
    <portal>eagle-rising</portal>
    <quote>
        <end>322</end>
        <start>182</start>
    </quote>
    <quote>
        <end>454</end>
        <start>385</start>
    </quote>
    <quote>
        <end>608</end>
        <start>456</start>
    </quote>
    <quote>
        <end>1677</end>
        <start>1665</start>
    </quote>
    <title>Ouch: Hillary Outspends Trump by $31 MILLION “to no Effect”</title>
    <uri>http://eaglerising.com/36924/ouch-hillary-outspends-trump-by-31-million-to-no-effect/</uri>
    <veracity>mostly true</veracity>
</article>
