<?xml version="1.0" encoding="UTF-8" standalone="yes"?>
<article>
    <author>Conservative Byte</author>
    <mainText></mainText>
    <orientation>right</orientation>
    <paragraph>
        <end>0</end>
        <start>0</start>
    </paragraph>
    <portal>eagle-rising</portal>
    <title>Finally Some Common Sense in Charlotte, We Should Applaud this Young Man</title>
    <uri>http://conservativebyte.com/2016/09/finally-some-common-sense-in-charlotte-we-should-applaud-this-young-man/</uri>
    <veracity>mostly true</veracity>
</article>
