<?xml version="1.0" encoding="UTF-8" standalone="yes"?>
<article>
    <author>Jeff Dunetz</author>
    <hyperlink href="http://lidblog.com/gross-libertarian-candidate-gary-johnson-slips-some-tongue-during-interview/">
        <end>1256</end>
        <start>1173</start>
    </hyperlink>
    <mainText>It’s not what you think, but it’s just as gross.. during an interview with MSNBC’s Kassie Hunt, Libertarian Candidate Gary Johnson slipped out his tongue: Hunt: You think if you were able to get on the debate stage that you can pull even with Trump and Clinton? Johnson: I do and and it wouldn’t be you wouldn’t have anything to do with my debate performance either it would just be that people would recognize that there’s another choice and that there would be an examination of me and bill weld as as who we are and what we’ve done and (sticks out his tongue and keeps it out while making the rest of his statement so you can’t understand what he’s saying). When the clip ended, Ms. Hunt said to a stunned Mika Brzezinski “it’s never happened to me in an interview before.” I just hope this incident doesn’t give her nightmares (heck, I hope watching the interview doesn’t give ME nightmares). Since first watching this video I have been wracking my brain trying to figure out why a candidate for the presidency would make himself look so ridiculous in front of a national audience, less than 50 days before the election. The only thing I can come up with is that he’s… Read the rest of the story at watch the BIZARRE VIDEO at Jeff Dunetz’s blog The Lid  The views expressed in this opinion article are solely those of their author and are not necessarily either shared or endorsed by EagleRising.com Get your daily dose of Eagle Rising by entering your email address below.</mainText>
    <orientation>right</orientation>
    <paragraph>
        <end>154</end>
        <start>0</start>
    </paragraph>
    <paragraph>
        <end>261</end>
        <start>155</start>
    </paragraph>
    <paragraph>
        <end>660</end>
        <start>262</start>
    </paragraph>
    <paragraph>
        <end>896</end>
        <start>661</start>
    </paragraph>
    <paragraph>
        <end>1172</end>
        <start>897</start>
    </paragraph>
    <paragraph>
        <end>1256</end>
        <start>1173</start>
    </paragraph>
    <paragraph>
        <end>1257</end>
        <start>1257</start>
    </paragraph>
    <paragraph>
        <end>1403</end>
        <start>1258</start>
    </paragraph>
    <paragraph>
        <end>1477</end>
        <start>1404</start>
    </paragraph>
    <portal>eagle-rising</portal>
    <quote>
        <end>775</end>
        <start>726</start>
    </quote>
    <quote>
        <end>660</end>
        <start>155</start>
    </quote>
    <quote>
        <end>1439</end>
        <start>1427</start>
    </quote>
    <title>BIZARRE: Gary Johnson Talks With Tongue Hanging Out During Interview</title>
    <uri>http://eaglerising.com/37019/bizarre-gary-johnson-talks-with-tongue-hanging-out-during-interview/</uri>
    <veracity>mostly true</veracity>
</article>
