<?xml version="1.0" encoding="UTF-8" standalone="yes"?>
<article>
    <author>R MCCRAY</author>
    <mainText>HILLARY CLINTON PLAYING THE POOR PITIFUL LITTLE GIRL AGAINST THE BIG BAD TRUMP WON’T WORK WITH THE TERRORIST, LITTLE KIM IN KOREA, IRAN OR RUSSIA. </mainText>
    <orientation>right</orientation>
    <paragraph>
        <end>146</end>
        <start>0</start>
    </paragraph>
    <paragraph>
        <end>147</end>
        <start>147</start>
    </paragraph>
    <portal>eagle-rising</portal>
    <title>Hillary Clinton Playing the Poor, Pitiful Little Girl Against the Big Bad Trump (Political Cartoon)</title>
    <uri>http://ipatriot.com/hillary-clinton-playing-poor-pitiful-little-girl-big-bad-trump/</uri>
    <veracity>no factual content</veracity>
</article>
