<?xml version="1.0" encoding="UTF-8" standalone="yes"?>
<article>
    <author>Allen West</author>
    <hyperlink href="http://allenwestrepublic.com/congress-must-act-five-days-until-obamas-internet-giveaway-video/">
        <end>27</end>
        <start>23</start>
    </hyperlink>
    <mainText>The document has moved here.</mainText>
    <orientation>right</orientation>
    <paragraph>
        <end>28</end>
        <start>0</start>
    </paragraph>
    <portal>eagle-rising</portal>
    <title>Moved Permanently</title>
    <uri>http://allenwestrepublic.com/2016/09/25/congress-must-act-five-days-until-obamas-internet-giveaway-video/</uri>
    <veracity>mostly false</veracity>
</article>
