<?xml version="1.0" encoding="UTF-8" standalone="yes"?>
<article>
    <author>Doug Giles</author>
    <hyperlink href="https://t.co/aTa4NjbBEw">
        <end>529</end>
        <start>503</start>
    </hyperlink>
    <hyperlink href="https://twitter.com/CMPD/status/779885650787069952">
        <end>568</end>
        <start>550</start>
    </hyperlink>
    <hyperlink href="https://t.co/VXJtPVx0zz">
        <end>814</end>
        <start>788</start>
    </hyperlink>
    <hyperlink href="https://twitter.com/CMPD/status/779107526583386112">
        <end>853</end>
        <start>835</start>
    </hyperlink>
    <hyperlink href="https://t.co/q4SoOX3Z69">
        <end>1005</end>
        <start>979</start>
    </hyperlink>
    <hyperlink href="https://twitter.com/CMPD/status/779902540267810816">
        <end>568</end>
        <start>550</start>
    </hyperlink>
    <hyperlink href="https://t.co/WAbhYHty0p">
        <end>1281</end>
        <start>1255</start>
    </hyperlink>
    <hyperlink href="https://twitter.com/CMPD/status/779114503610957825">
        <end>1320</end>
        <start>1302</start>
    </hyperlink>
    <hyperlink href="https://t.co/kZF53YoCJQ">
        <end>1482</end>
        <start>1456</start>
    </hyperlink>
    <hyperlink href="https://twitter.com/CMPD/status/779104390179332097">
        <end>853</end>
        <start>835</start>
    </hyperlink>
    <hyperlink href="https://t.co/LWd8LmUBQj">
        <end>1676</end>
        <start>1650</start>
    </hyperlink>
    <hyperlink href="https://twitter.com/CMPD/status/779476223097466880">
        <end>1715</end>
        <start>1697</start>
    </hyperlink>
    <hyperlink href="https://t.co/JYzIYUEAQd">
        <end>1879</end>
        <start>1853</start>
    </hyperlink>
    <hyperlink href="https://twitter.com/CMPD/status/779904419865489408">
        <end>568</end>
        <start>550</start>
    </hyperlink>
    <hyperlink href="https://t.co/oIduwL0KtC">
        <end>2133</end>
        <start>2107</start>
    </hyperlink>
    <hyperlink href="https://twitter.com/CMPD/status/779923175798894592">
        <end>568</end>
        <start>550</start>
    </hyperlink>
    <mainText>Please disable your Ad Blocker in order to interact with the site. Some dumb criminals just make it too easy… Has anyone told these rioters that everybody and their dog has a cell phone with a camera these days? Maybe they should. Maybe they won’t be quite so excited to start a riot. Charlotte-Mecklenburg Police are using the internet to collar crooks, and it’s working. Detectives are working diligently to identify looting suspects, sign warrants and make arrests.This is their board of open cases. pic.twitter.com/aTa4NjbBEw — CMPD News (@CMPD) September 25, 2016  It’s like ‘Pokemon GO’ for the CMPD ‘Gotta catch ’em all’… First, they post the ‘Wanted on numerous charges’: Wanted on numerous charges in connection with damage and looting at Buffalo Wild Wings: Marcellis McKenzie. pic.twitter.com/VXJtPVx0zz — CMPD News (@CMPD) September 22, 2016  And then the ‘Arrested’: Arrested in connection with damage and looting at Buffalo Wild Wings: Marcellis McKenzie (9/15/86) pic.twitter.com/q4SoOX3Z69 — CMPD News (@CMPD) September 25, 2016  Here are more of the arrests that have been made relating the Charlotte riots: One of three identified so far — Daniel Baker is jailed on numerous charges in connection with damage and looting at Jimmy Johns. pic.twitter.com/WAbhYHty0p — CMPD News (@CMPD) September 23, 2016  Identified and charged: Ian Bowzer of Charlotte is charged with damage to property in connection with doors kicked in at Hyatt House. pic.twitter.com/kZF53YoCJQ — CMPD News (@CMPD) September 22, 2016  Another suspect Identified and charged: Savanna Lee Jones is wanted in connection with the damage and looting at Jimmy John's. pic.twitter.com/LWd8LmUBQj — CMPD News (@CMPD) September 24, 2016  Jayden Harrington and Shakiyla Green were arrested early this morning and charged in connection with damage and looting of Jimmy Johns. pic.twitter.com/JYzIYUEAQd — CMPD News (@CMPD) September 25, 2016  And let’s not forget this sweetheart of a guy… Khalil Wallace has been arrested, accused of hitting an officer with a wrench during a protest earlier this week. He faces felony a charge. pic.twitter.com/oIduwL0KtC — CMPD News (@CMPD) September 25, 2016  The Charlotte-Mecklenburg Police Department is determined to arrest those that used the Scott incident as an excuse to destroy private property, loot and commit violent acts. Share if you think that this is an AWESOME move by CMPD </mainText>
    <orientation>right</orientation>
    <paragraph>
        <end>66</end>
        <start>0</start>
    </paragraph>
    <paragraph>
        <end>109</end>
        <start>67</start>
    </paragraph>
    <paragraph>
        <end>284</end>
        <start>110</start>
    </paragraph>
    <paragraph>
        <end>372</end>
        <start>285</start>
    </paragraph>
    <paragraph>
        <end>529</end>
        <start>373</start>
    </paragraph>
    <paragraph>
        <end>568</end>
        <start>530</start>
    </paragraph>
    <paragraph>
        <end>569</end>
        <start>569</start>
    </paragraph>
    <paragraph>
        <end>628</end>
        <start>570</start>
    </paragraph>
    <paragraph>
        <end>679</end>
        <start>629</start>
    </paragraph>
    <paragraph>
        <end>814</end>
        <start>680</start>
    </paragraph>
    <paragraph>
        <end>853</end>
        <start>815</start>
    </paragraph>
    <paragraph>
        <end>854</end>
        <start>854</start>
    </paragraph>
    <paragraph>
        <end>879</end>
        <start>855</start>
    </paragraph>
    <paragraph>
        <end>1005</end>
        <start>880</start>
    </paragraph>
    <paragraph>
        <end>1044</end>
        <start>1006</start>
    </paragraph>
    <paragraph>
        <end>1045</end>
        <start>1045</start>
    </paragraph>
    <paragraph>
        <end>1124</end>
        <start>1046</start>
    </paragraph>
    <paragraph>
        <end>1281</end>
        <start>1125</start>
    </paragraph>
    <paragraph>
        <end>1320</end>
        <start>1282</start>
    </paragraph>
    <paragraph>
        <end>1321</end>
        <start>1321</start>
    </paragraph>
    <paragraph>
        <end>1482</end>
        <start>1322</start>
    </paragraph>
    <paragraph>
        <end>1521</end>
        <start>1483</start>
    </paragraph>
    <paragraph>
        <end>1522</end>
        <start>1522</start>
    </paragraph>
    <paragraph>
        <end>1676</end>
        <start>1523</start>
    </paragraph>
    <paragraph>
        <end>1715</end>
        <start>1677</start>
    </paragraph>
    <paragraph>
        <end>1716</end>
        <start>1716</start>
    </paragraph>
    <paragraph>
        <end>1879</end>
        <start>1717</start>
    </paragraph>
    <paragraph>
        <end>1918</end>
        <start>1880</start>
    </paragraph>
    <paragraph>
        <end>1919</end>
        <start>1919</start>
    </paragraph>
    <paragraph>
        <end>1966</end>
        <start>1920</start>
    </paragraph>
    <paragraph>
        <end>2133</end>
        <start>1967</start>
    </paragraph>
    <paragraph>
        <end>2172</end>
        <start>2134</start>
    </paragraph>
    <paragraph>
        <end>2173</end>
        <start>2173</start>
    </paragraph>
    <paragraph>
        <end>2348</end>
        <start>2174</start>
    </paragraph>
    <paragraph>
        <end>2404</end>
        <start>2349</start>
    </paragraph>
    <portal>eagle-rising</portal>
    <quote>
        <end>568</end>
        <start>373</start>
    </quote>
    <quote>
        <end>853</end>
        <start>680</start>
    </quote>
    <quote>
        <end>1044</end>
        <start>880</start>
    </quote>
    <quote>
        <end>1320</end>
        <start>1125</start>
    </quote>
    <quote>
        <end>1521</end>
        <start>1322</start>
    </quote>
    <quote>
        <end>1715</end>
        <start>1523</start>
    </quote>
    <quote>
        <end>1918</end>
        <start>1717</start>
    </quote>
    <quote>
        <end>2172</end>
        <start>1967</start>
    </quote>
    <title>BOOM: Charlotte Rioters Wanted ‘Justice’ — But Not Like THIS</title>
    <uri>http://clashdaily.com/2016/09/boom-charlotte-rioters-wanted-justice-not-like/?utm_source=referral&amp;utm_medium=facebook.com&amp;utm_campaign=lasmpfb</uri>
    <veracity>mostly true</veracity>
</article>
