<?xml version="1.0" encoding="UTF-8" standalone="yes"?>
<article>
    <author>100% FED Up</author>
    <hyperlink href="https://t.co/mXxBbMiVcu">
        <end>258</end>
        <start>232</start>
    </hyperlink>
    <hyperlink href="https://twitter.com/ABCLiz/status/780169835657519104">
        <end>300</end>
        <start>282</start>
    </hyperlink>
    <mainText>Clinton just left “Apple Seeds” kids center in Flatiron. Feeling good about debate? “Getting ready, getting ready!” Clinton just left “Apple Seeds” kids center in Flatiron. Feeling good about debate? “Getting ready, getting ready!” pic.twitter.com/mXxBbMiVcu — Liz Kreutz (@ABCLiz) September 25, 2016        </mainText>
    <orientation>right</orientation>
    <paragraph>
        <end>115</end>
        <start>0</start>
    </paragraph>
    <paragraph>
        <end>258</end>
        <start>116</start>
    </paragraph>
    <paragraph>
        <end>300</end>
        <start>259</start>
    </paragraph>
    <paragraph>
        <end>301</end>
        <start>301</start>
    </paragraph>
    <paragraph>
        <end>302</end>
        <start>302</start>
    </paragraph>
    <paragraph>
        <end>303</end>
        <start>303</start>
    </paragraph>
    <paragraph>
        <end>305</end>
        <start>304</start>
    </paragraph>
    <paragraph>
        <end>307</end>
        <start>306</start>
    </paragraph>
    <paragraph>
        <end>308</end>
        <start>308</start>
    </paragraph>
    <portal>eagle-rising</portal>
    <quote>
        <end>30</end>
        <start>19</start>
    </quote>
    <quote>
        <end>114</end>
        <start>85</start>
    </quote>
    <quote>
        <end>30</end>
        <start>19</start>
    </quote>
    <quote>
        <end>114</end>
        <start>85</start>
    </quote>
    <quote>
        <end>300</end>
        <start>116</start>
    </quote>
    <title>REPORTER SHOCKS HILLARY BY SHOWING UP: Watch The Change From Unsteady To Alert [Video]</title>
    <uri>http://100percentfedup.com/reporter-shocks-hillary-by-showing-up-watch-the-change-from-unsteady-to-alert-video/</uri>
    <veracity>mostly true</veracity>
</article>
