<?xml version="1.0" encoding="UTF-8" standalone="yes"?>
<article>
    <author>Frank Lea</author>
    <hyperlink href="http://rightwingnews.com/crime/muslim-stabs-teen-girl-100-times-breaks-knife-neck/">
        <end>1434</end>
        <start>1420</start>
    </hyperlink>
    <hyperlink href="http://rightwingnews.com/crime/mass-stabbing-popular-american-mall/">
        <end>53</end>
        <start>48</start>
    </hyperlink>
    <hyperlink href="https://www.theguardian.com/education/2009/feb/10/stabbing-leicester-university">
        <end>4055</end>
        <start>4046</start>
    </hyperlink>
    <mainText>How mad do you have to be to be able to break a knife blade a girls neck when you stab her over 100 times? Apparently as mad as a Muslim man on Monday! This unemployed, 32-year-old Muslim bag of sh*t named Jamiv Usman got dumped by his then teenage girlfriend, Shannon Reynolds, and couldn’t handle it like a man. I believe she was 19 and he was 30 at the time. That’s perfectly within the legal limits if you’re at a strip club, but I don’t think a 30-year-old should be predatory towards a relationship with a 19-year-old. Especially if he’s unemployed and can’t even provide for a family because he’s a loser. She wanted the lazy jobless Muslim OUT of their apartment. She wanted him away from her child. She wanted NOTHING to do with this Muslim man who would soon turn violent. Jamiv Usman didn’t respond well to this. He was boiling over like a pot of hot water ready to soften egg noodles for dinner. Get the knife ready for the steak, because what happens next is absolute HORROR. After all her requests and demands for the psychopath Muslim to leave, he had the nerve to ask her for a drink of water. Sounds reasonable if you’re an employed Muslim providing for his woman, but that wasn’t the case with this Allahu Akbar creep. She said no and he literally tipped over like that pot of boiling water and BRUTALLY stabbed her over 100 times with a knife. He stabbed so hard that he BROKE THE KNIFE IN HER NECK!  Rightwing News – She wanted him out of her apartment and she told him to get out. Tensions were brewing and it eventually led Usman to stab Reynold’s over 100 times. The last straw for Usman was when he asked her to get him a drink of water and she said no. That’s when he grabbed a big kitchen knife and plunged it into her body over 100 times in front of the toddler. He stabbed her so hard that he broke the tip of the knife in her neck. Amazingly, she survived. She played dead. He left. She crawled to a bus stop and got help. Eventually she healed and was able to identify her stabber and watch a judge order Usman to serve up to 20 years in prison.   The good news is that this strong woman survived and recovered to see her Muslim attacker thrown to the wolves in prison. Hopefully the violent Muslim will serve his full 20 year sentence and learn his lesson in prison. Will he be shanked 100 times in the neck? Probably not. Those guys in prison know how to shank you once and make it count. The other 99 slashes would be for fun. I bet Shannon Reynolds also got sick of him being unable to be a responsible adult who is an equal force in a relationship. What did he do for her? Nothing, it seems. Muslim men are suppressors and oppressors. They’re like a woman’s worst nightmare. Why would any woman date a Muslim man? Don’t they know by now that Muslim men treat women worse than anything. I’m sure he could’ve found another gullible girl to date on a dating site. In fact, here’s a few ideas for dating sites specifically for Muslims! If these ever become a thing, then women can sign up to be abused, stabbed, and forced to drape themselves in a black 84-inch table cloth in 95 degree weather. Dating site ideas for Muslims PlentyofBurkas.com – who needs fish when you can have a barrel of burkas. ForcedMatch.com – because what girl really signs up for this? MuslimMingle.com – let the sparks fly…into a building of course! TNTHarmony.com – go through 48 pages of questions to meet your perfect suicide partner. TanPeopleMeet.com – Because SandPeopleMeet was already taken. DynamiteTinder.com – swipe left to explode. MuslimWifeFinder – no girls, goats, and boys over 12 – lifetime guarantee. Bomble – explosive dating for Muslim clock builders. OKVest – strictly for suicide vests enthusiasts. FarmersOnly – where else can we find a hefty supply of goats? Oh look, I think we found a match! Sorry underage girls, boys, and goats – this one is taken for the next 20 years. Search again.  And if anyone is wondering about calculating the force of stabbing hard enough to break the tip off in a woman’s neck, then read this. And when you know the answer to “what the f*ck is wrong with people” then please tell us. We’re still searching for an answer. </mainText>
    <orientation>right</orientation>
    <paragraph>
        <end>106</end>
        <start>0</start>
    </paragraph>
    <paragraph>
        <end>151</end>
        <start>107</start>
    </paragraph>
    <paragraph>
        <end>612</end>
        <start>152</start>
    </paragraph>
    <paragraph>
        <end>671</end>
        <start>613</start>
    </paragraph>
    <paragraph>
        <end>707</end>
        <start>672</start>
    </paragraph>
    <paragraph>
        <end>782</end>
        <start>708</start>
    </paragraph>
    <paragraph>
        <end>988</end>
        <start>783</start>
    </paragraph>
    <paragraph>
        <end>1236</end>
        <start>989</start>
    </paragraph>
    <paragraph>
        <end>1418</end>
        <start>1237</start>
    </paragraph>
    <paragraph>
        <end>1419</end>
        <start>1419</start>
    </paragraph>
    <paragraph>
        <end>1585</end>
        <start>1420</start>
    </paragraph>
    <paragraph>
        <end>1789</end>
        <start>1586</start>
    </paragraph>
    <paragraph>
        <end>1860</end>
        <start>1790</start>
    </paragraph>
    <paragraph>
        <end>1885</end>
        <start>1861</start>
    </paragraph>
    <paragraph>
        <end>1902</end>
        <start>1886</start>
    </paragraph>
    <paragraph>
        <end>1911</end>
        <start>1903</start>
    </paragraph>
    <paragraph>
        <end>1951</end>
        <start>1912</start>
    </paragraph>
    <paragraph>
        <end>2075</end>
        <start>1952</start>
    </paragraph>
    <paragraph>
        <end>2077</end>
        <start>2076</start>
    </paragraph>
    <paragraph>
        <end>2199</end>
        <start>2078</start>
    </paragraph>
    <paragraph>
        <end>2459</end>
        <start>2200</start>
    </paragraph>
    <paragraph>
        <end>2626</end>
        <start>2460</start>
    </paragraph>
    <paragraph>
        <end>2820</end>
        <start>2627</start>
    </paragraph>
    <paragraph>
        <end>2895</end>
        <start>2821</start>
    </paragraph>
    <paragraph>
        <end>3126</end>
        <start>2896</start>
    </paragraph>
    <paragraph>
        <end>3156</end>
        <start>3127</start>
    </paragraph>
    <paragraph>
        <end>3230</end>
        <start>3157</start>
    </paragraph>
    <paragraph>
        <end>3292</end>
        <start>3231</start>
    </paragraph>
    <paragraph>
        <end>3357</end>
        <start>3293</start>
    </paragraph>
    <paragraph>
        <end>3445</end>
        <start>3358</start>
    </paragraph>
    <paragraph>
        <end>3507</end>
        <start>3446</start>
    </paragraph>
    <paragraph>
        <end>3551</end>
        <start>3508</start>
    </paragraph>
    <paragraph>
        <end>3626</end>
        <start>3552</start>
    </paragraph>
    <paragraph>
        <end>3679</end>
        <start>3627</start>
    </paragraph>
    <paragraph>
        <end>3728</end>
        <start>3680</start>
    </paragraph>
    <paragraph>
        <end>3790</end>
        <start>3729</start>
    </paragraph>
    <paragraph>
        <end>3920</end>
        <start>3791</start>
    </paragraph>
    <paragraph>
        <end>3921</end>
        <start>3921</start>
    </paragraph>
    <paragraph>
        <end>4056</end>
        <start>3922</start>
    </paragraph>
    <paragraph>
        <end>4146</end>
        <start>4057</start>
    </paragraph>
    <paragraph>
        <end>4183</end>
        <start>4147</start>
    </paragraph>
    <paragraph>
        <end>4184</end>
        <start>4184</start>
    </paragraph>
    <portal>freedom-daily</portal>
    <quote>
        <end>4124</end>
        <start>4090</start>
    </quote>
    <quote>
        <end>2075</end>
        <start>1420</start>
    </quote>
    <quote>
        <end>12</end>
        <start>-1</start>
    </quote>
    <title>Psychopath Muslim Stabs Teen Girl 100+ Times, BREAKS KNIFE IN HER NECK</title>
    <uri>http://freedomdaily.com/psychopath-muslim-stabs-teen-girl-100-times-breaks-knife-neck/</uri>
    <veracity>mostly true</veracity>
</article>
