<?xml version="1.0" encoding="UTF-8" standalone="yes"?>
<article>
    <author>S. White</author>
    <hyperlink href="https://twitter.com/CMPD">
        <end>1933</end>
        <start>1928</start>
    </hyperlink>
    <hyperlink href="https://twitter.com/TWCNewsCLT">
        <end>1945</end>
        <start>1934</start>
    </hyperlink>
    <hyperlink href="https://twitter.com/hashtag/KeithScott?src=hash">
        <end>1957</end>
        <start>1946</start>
    </hyperlink>
    <hyperlink href="https://t.co/BvhuBKj4X9">
        <end>1984</end>
        <start>1958</start>
    </hyperlink>
    <hyperlink href="https://twitter.com/CWatkinsTV/status/778524207315456000">
        <end>2037</end>
        <start>2019</start>
    </hyperlink>
    <mainText>Another day in “Obama’s America”… another RIOT. This kind of crap is becoming our norm, and it’s not right. This time…Police shoot ARMED man who is deemed a threat by his actions, and the BlackLivesMatter crowd goes WILD! …but I mean really wild. Like, savage. They have entered their rioting mode again. His parents are telling everyone it wasn’t a weapon in his hand, it was a book. A book ladies and gentlemen. What’s that smell? Oh…nasty. It’s bullcrap. SO…there is a fatal police shooting and now, the Police are under full attack, reporters are getting rocks thrown at their head, innocent bystanders’ are getting their vehicles bashed up and set on fire….and yes, stores are being looted. Free ipads and laptops for EVERYONE! Because they are grieving that someone has died, the country is against them and stealing stuff they wanted but never could get…makes it all better right? Imbeciles. This is no stand they are taking at all. No..this? This is what ‘stupid’ looks like when it takes human form. Now, word has come through that a female trucker has fallen victim to the monster maniacs. Her truck was looted, and the cargo left was set on fire. However, that’s not all… She made a desperate call to Police, but by the time they were able to arrive, the damage had been done. For all she knew when she called her life was in danger, and that is exactly the kind of fear she was faced with. It ticks me off. Who do they think they are, right? …but worse, where the HELL is Obama?   I’ll tell you where… He’s laughing. At you, at me, and at all the stupid liberals who think he cares about hope and change. The only kind of hope he cares about is the kind he can crush. As far as change? He’s nailed that one real good. Criminals are victims, and Police Officers are now criminals. Man…Obama’s America SUCKS. VIDEO: this is what we saw overnight; protestors throwing rocks, blocking a major interstate, face-to-face w/@cmpd @TWCNewsCLT #KeithScott pic.twitter.com/BvhuBKj4X9 — Christina Watkins (@CWatkinsTV) September 21, 2016 </mainText>
    <orientation>right</orientation>
    <paragraph>
        <end>107</end>
        <start>0</start>
    </paragraph>
    <paragraph>
        <end>221</end>
        <start>108</start>
    </paragraph>
    <paragraph>
        <end>304</end>
        <start>222</start>
    </paragraph>
    <paragraph>
        <end>384</end>
        <start>305</start>
    </paragraph>
    <paragraph>
        <end>413</end>
        <start>385</start>
    </paragraph>
    <paragraph>
        <end>457</end>
        <start>414</start>
    </paragraph>
    <paragraph>
        <end>695</end>
        <start>458</start>
    </paragraph>
    <paragraph>
        <end>887</end>
        <start>696</start>
    </paragraph>
    <paragraph>
        <end>898</end>
        <start>888</start>
    </paragraph>
    <paragraph>
        <end>1008</end>
        <start>899</start>
    </paragraph>
    <paragraph>
        <end>1099</end>
        <start>1009</start>
    </paragraph>
    <paragraph>
        <end>1182</end>
        <start>1100</start>
    </paragraph>
    <paragraph>
        <end>1401</end>
        <start>1183</start>
    </paragraph>
    <paragraph>
        <end>1418</end>
        <start>1402</start>
    </paragraph>
    <paragraph>
        <end>1490</end>
        <start>1419</start>
    </paragraph>
    <paragraph>
        <end>1491</end>
        <start>1491</start>
    </paragraph>
    <paragraph>
        <end>1492</end>
        <start>1492</start>
    </paragraph>
    <paragraph>
        <end>1513</end>
        <start>1493</start>
    </paragraph>
    <paragraph>
        <end>1616</end>
        <start>1514</start>
    </paragraph>
    <paragraph>
        <end>1697</end>
        <start>1617</start>
    </paragraph>
    <paragraph>
        <end>1791</end>
        <start>1698</start>
    </paragraph>
    <paragraph>
        <end>1818</end>
        <start>1792</start>
    </paragraph>
    <paragraph>
        <end>1984</end>
        <start>1819</start>
    </paragraph>
    <paragraph>
        <end>2037</end>
        <start>1985</start>
    </paragraph>
    <paragraph>
        <end>2038</end>
        <start>2038</start>
    </paragraph>
    <portal>freedom-daily</portal>
    <quote>
        <end>31</end>
        <start>16</start>
    </quote>
    <quote>
        <end>2037</end>
        <start>1819</start>
    </quote>
    <quote>
        <end>12</end>
        <start>-1</start>
    </quote>
    <title>NC MOB ATTACKS Female Trucker, Loots Truck, Sets Cargo On Fire…No One Helps Her! – VIDEO</title>
    <uri>http://freedomdaily.com/nc-mob-attacks-female-trucker-loots-truck-sets-cargo-fireno-one-helps-video/</uri>
    <veracity>mixture of true and false</veracity>
</article>
