<?xml version="1.0" encoding="UTF-8" standalone="yes"?>
<article>
    <author>Jeff Rainforth</author>
    <hyperlink href="https://twitter.com/hashtag/KeithLamontScott?src=hash">
        <end>716</end>
        <start>699</start>
    </hyperlink>
    <hyperlink href="https://twitter.com/hashtag/CLTNews?src=hash">
        <end>725</end>
        <start>717</start>
    </hyperlink>
    <hyperlink href="https://twitter.com/NickOchsnerWBTV/status/778765736131035136">
        <end>778</end>
        <start>760</start>
    </hyperlink>
    <hyperlink href="https://t.co/NAyjpZJZ8H">
        <end>1090</end>
        <start>1067</start>
    </hyperlink>
    <hyperlink href="https://t.co/hgao0uTFC1">
        <end>1114</end>
        <start>1091</start>
    </hyperlink>
    <hyperlink href="https://twitter.com/CNN/status/778764391110025217">
        <end>778</end>
        <start>760</start>
    </hyperlink>
    <hyperlink href="https://www.facebook.com/Rainforths-Roughnecks-166214996742370/?ref=hl">
        <end>1251</end>
        <start>1243</start>
    </hyperlink>
    <hyperlink href="https://twitter.com/iResistAll">
        <end>1274</end>
        <start>1267</start>
    </hyperlink>
    <mainText>New riots have broken out in Charlotte, North Carolina. Live stream is at the bottom of article. Last night unrest broke out in the city after a black police officer shot and killed a black man who refused to drop his firearm when instructed to. After family members stoked angry crowds by saying that Keith Lamont Scott was holding a book when he was shot, and not a gun as the black police chief explained, mobs of black youth began looting, rioting, and attacking police &amp; civilians. One person has been shot by another rioter tonight. The person shot has died even though police attempted to get him medical attention. Per CMPD Chief Putney on Fox News right now: Person shot in Uptown has died #KeithLamontScott #CLTNews — Nick Ochsner (@NickOchsnerWBTV) September 22, 2016    Rioters are throwing bottles and projectiles at police, and law enforcement is responding with tear gas and non-lethal weapons such as rubber bullets. Stores in downtown Charlotte are currently being looted. More scenes from a tense moment during protests in Charlotte, North Carolina https://t.co/NAyjpZJZ8H https://t.co/hgao0uTFC1 — CNN (@CNN) September 22, 2016     Watch live stream of the riots:  This is a developing story. By Jeff Rainforth Like Jeff on Facebook Follow Jeff on Twitter </mainText>
    <orientation>right</orientation>
    <paragraph>
        <end>96</end>
        <start>0</start>
    </paragraph>
    <paragraph>
        <end>245</end>
        <start>97</start>
    </paragraph>
    <paragraph>
        <end>486</end>
        <start>246</start>
    </paragraph>
    <paragraph>
        <end>622</end>
        <start>487</start>
    </paragraph>
    <paragraph>
        <end>725</end>
        <start>623</start>
    </paragraph>
    <paragraph>
        <end>778</end>
        <start>726</start>
    </paragraph>
    <paragraph>
        <end>779</end>
        <start>779</start>
    </paragraph>
    <paragraph>
        <end>780</end>
        <start>780</start>
    </paragraph>
    <paragraph>
        <end>781</end>
        <start>781</start>
    </paragraph>
    <paragraph>
        <end>932</end>
        <start>782</start>
    </paragraph>
    <paragraph>
        <end>989</end>
        <start>933</start>
    </paragraph>
    <paragraph>
        <end>1114</end>
        <start>990</start>
    </paragraph>
    <paragraph>
        <end>1146</end>
        <start>1115</start>
    </paragraph>
    <paragraph>
        <end>1147</end>
        <start>1147</start>
    </paragraph>
    <paragraph>
        <end>1148</end>
        <start>1148</start>
    </paragraph>
    <paragraph>
        <end>1149</end>
        <start>1149</start>
    </paragraph>
    <paragraph>
        <end>1150</end>
        <start>1150</start>
    </paragraph>
    <paragraph>
        <end>1182</end>
        <start>1151</start>
    </paragraph>
    <paragraph>
        <end>1183</end>
        <start>1183</start>
    </paragraph>
    <paragraph>
        <end>1211</end>
        <start>1184</start>
    </paragraph>
    <paragraph>
        <end>1274</end>
        <start>1212</start>
    </paragraph>
    <paragraph>
        <end>1275</end>
        <start>1275</start>
    </paragraph>
    <portal>freedom-daily</portal>
    <quote>
        <end>540</end>
        <start>-1</start>
    </quote>
    <quote>
        <end>1146</end>
        <start>990</start>
    </quote>
    <quote>
        <end>12</end>
        <start>-1</start>
    </quote>
    <title>BREAKING: 1 Shot &amp; Killed In New Charlotte Riots – LIVE STREAM OF WAR ZONE!</title>
    <uri>http://freedomdaily.com/breaking-1-shot-killed-new-charlotte-riots-live-stream-war-zone/</uri>
    <veracity>mostly true</veracity>
</article>
