<?xml version="1.0" encoding="UTF-8" standalone="yes"?>
<article>
    <author>Frank Lea</author>
    <hyperlink href="http://www.hannity.com/articles/election-493995/watch-charlotte-rioters-beat-man-as-15133348/">
        <end>972</end>
        <start>965</start>
    </hyperlink>
    <hyperlink href="https://twitter.com/hashtag/CharlotteProtest?src=hash">
        <end>1839</end>
        <start>1822</start>
    </hyperlink>
    <hyperlink href="https://twitter.com/AC360">
        <end>1895</end>
        <start>1889</start>
    </hyperlink>
    <hyperlink href="https://twitter.com/seanhannity">
        <end>1908</end>
        <start>1896</start>
    </hyperlink>
    <hyperlink href="https://twitter.com/BretBaier">
        <end>1919</end>
        <start>1909</start>
    </hyperlink>
    <hyperlink href="https://twitter.com/ncnaacp">
        <end>1961</end>
        <start>1953</start>
    </hyperlink>
    <hyperlink href="https://t.co/YWHEU2UV1n">
        <end>1988</end>
        <start>1962</start>
    </hyperlink>
    <hyperlink href="https://twitter.com/LibertarianQn/status/778845840496594944">
        <end>2044</end>
        <start>2026</start>
    </hyperlink>
    <mainText>Charlotte thug rioters gang jumped a man in a parking garage for a really good reason – the guy was white! WHY ELSE WOULD A BUNCH OF BLACK PEOPLE BEAT UP A RANDOM WHITE GUY? The fact that the white guy was in a parking garage meant either he lived there or was visiting someone. Or, he works there. That being said, he probably has a job. Work is something the Black Lives Matter thugs don’t like to participate in. They’d rather sit around being bums all day, then beating people at night every time a cop shoots a criminal. The white guy in this video has nothing to do with the shooting of that Keith Lamont Scott fella or any other black person shot by a cop. It doesn’t even matter if a BLACK COP SHOOTS A BLACK THUG – the losers still use it as an excuse to steal, beat people, and destroy a neighborhood. This is sadly what people are now calling the “black mentality” or the “thug mentality” and it’s extremely sad because that is NOT how things should be. Hannity – Although numerous individual acts of assault, looting, and violence have been reported, one horrible incident seems to capture the chaos that enveloped Charlotte on Wednesday evening. In a video making the rounds on social media, an unidentified man is beaten and dragged along the ground as he begs his assailants for mercy. The beating is said to have taken place in the garage of the Epicenter, a shopping mall in downtown Charlotte This is NOT what being an American is all about. This is NOT what being black or white is about either. There’s so many better black American’s who deserve recognition for the good things they do, but every time riots like this happen, those good people get blurred out by the bad black Americans. I think it’s time for the good people of the African American community to shape up or ship out the loser thugs. #CharlotteProtest Beating man begging for mercy in parking garage. @AC360 @seanhannity @BretBaier Credit:Lenard Bennett (facebook) @ncnaacp pic.twitter.com/YWHEU2UV1n — Libertarian Queen (@LibertarianQn) September 22, 2016  Start reprimanding the thugs on their senseless behavior. People like the thugs in this video make the rest of a culture look bad. Stand up to them and don’t let them hold your culture and skin color hostage. There are too many good black people in this world to let some thuggish losers make the rest of them look bad. When the good black people of America stand up and reprimand the bad ones, then you’ll see a real change. Good people thrive while thugs like this will always be losers. Don’t let the losers hold you down. </mainText>
    <orientation>right</orientation>
    <paragraph>
        <end>106</end>
        <start>0</start>
    </paragraph>
    <paragraph>
        <end>173</end>
        <start>107</start>
    </paragraph>
    <paragraph>
        <end>338</end>
        <start>174</start>
    </paragraph>
    <paragraph>
        <end>525</end>
        <start>339</start>
    </paragraph>
    <paragraph>
        <end>811</end>
        <start>526</start>
    </paragraph>
    <paragraph>
        <end>964</end>
        <start>812</start>
    </paragraph>
    <paragraph>
        <end>1410</end>
        <start>965</start>
    </paragraph>
    <paragraph>
        <end>1514</end>
        <start>1411</start>
    </paragraph>
    <paragraph>
        <end>1708</end>
        <start>1515</start>
    </paragraph>
    <paragraph>
        <end>1821</end>
        <start>1709</start>
    </paragraph>
    <paragraph>
        <end>1988</end>
        <start>1822</start>
    </paragraph>
    <paragraph>
        <end>2044</end>
        <start>1989</start>
    </paragraph>
    <paragraph>
        <end>2045</end>
        <start>2045</start>
    </paragraph>
    <paragraph>
        <end>2103</end>
        <start>2046</start>
    </paragraph>
    <paragraph>
        <end>2254</end>
        <start>2104</start>
    </paragraph>
    <paragraph>
        <end>2365</end>
        <start>2255</start>
    </paragraph>
    <paragraph>
        <end>2535</end>
        <start>2366</start>
    </paragraph>
    <paragraph>
        <end>2571</end>
        <start>2536</start>
    </paragraph>
    <paragraph>
        <end>2572</end>
        <start>2572</start>
    </paragraph>
    <portal>freedom-daily</portal>
    <quote>
        <end>874</end>
        <start>859</start>
    </quote>
    <quote>
        <end>898</end>
        <start>884</start>
    </quote>
    <quote>
        <end>1410</end>
        <start>965</start>
    </quote>
    <quote>
        <end>2044</end>
        <start>1822</start>
    </quote>
    <quote>
        <end>12</end>
        <start>-1</start>
    </quote>
    <title>WATCH: Charlotte Rioters Beat White Man As He Begs For Mercy</title>
    <uri>http://freedomdaily.com/charlotte-rioters-beat-white-man/</uri>
    <veracity>mixture of true and false</veracity>
</article>
