<?xml version="1.0" encoding="UTF-8" standalone="yes"?>
<article>
    <author>Frank Lea</author>
    <mainText>Watch this thug knock out two beefy girls in a restaurant (video below), then we’ll have a fun chat about it afterwards. Maybe some wine and frogs, but that’s none of my business. So the skinny guy in the wife-beater, how appropriate, was arguing with the two booger monster looking ladies who seem exactly like the type of gal a black man loves. You know, big ol hips, stanky tattoos, and lack of a father figure. They’re all going buck wild on each other and you know it’s only a matter of moments until someone gets triggered and ends up on WorldStar HipHop. Finally someone says something and it looks like some drink goes flying, glass shattering, fists flying boogaloo instead of people slurping down milkshakes and hamburgers. If Soul Train was a battle royal in a diner, then this would be it. If Ed Norton’s fight club was coed, then this would be it. I am Jack’s big booty ho getting beat up by a black man.  He knocks out one crumb-eating gal with a right hand, then I can’t even tell what happened to the other lady. I just see blond hair flying, red shirts ripping, flea-bag cheap tattoos exposed and I was legitimately hoping a breast didn’t come out as I laughed at this awful video. Normally I enjoy a fine chest peek during a chick fight, but I am not interested in women this size. Not my type. After several rounds of fists and kicks, the man has now assaulted two women. The girls are pretty ugly, but that doesn’t make it OK to strike a woman. If he were a real man, he would have walked out with his dignity instead of sucker-punching it into the large forehead of these women. Hillary Clinton calls Trump supporters deplorable, but she should probably show this video at her next rally if she’s not too sick to stand up and press play on the remote. If anything is deplorable, it’s this behavior and a man assaulting two women. Hopefully they’re ALL arrested. And if you missed it, there was a cameo by the chef and a deplorable butt crack by the lady in the red shirt. I don’t want my strawberry pancakes at the diner interrupted by nonsense like this. Do you?  If you really need to be disturbed. Then imagine what would happen if this guy showed up to the fight. What on God’s given Earth is this creature? Don’t worry, that’s a man. You can look at it and not feel like a fake transgender creep in the Target bathroom.  Weird. I know. </mainText>
    <orientation>right</orientation>
    <paragraph>
        <end>179</end>
        <start>0</start>
    </paragraph>
    <paragraph>
        <end>414</end>
        <start>180</start>
    </paragraph>
    <paragraph>
        <end>733</end>
        <start>415</start>
    </paragraph>
    <paragraph>
        <end>801</end>
        <start>734</start>
    </paragraph>
    <paragraph>
        <end>860</end>
        <start>802</start>
    </paragraph>
    <paragraph>
        <end>917</end>
        <start>861</start>
    </paragraph>
    <paragraph>
        <end>918</end>
        <start>918</start>
    </paragraph>
    <paragraph>
        <end>1312</end>
        <start>919</start>
    </paragraph>
    <paragraph>
        <end>1464</end>
        <start>1313</start>
    </paragraph>
    <paragraph>
        <end>1599</end>
        <start>1465</start>
    </paragraph>
    <paragraph>
        <end>1772</end>
        <start>1600</start>
    </paragraph>
    <paragraph>
        <end>1850</end>
        <start>1773</start>
    </paragraph>
    <paragraph>
        <end>1882</end>
        <start>1851</start>
    </paragraph>
    <paragraph>
        <end>1992</end>
        <start>1883</start>
    </paragraph>
    <paragraph>
        <end>2076</end>
        <start>1993</start>
    </paragraph>
    <paragraph>
        <end>2084</end>
        <start>2077</start>
    </paragraph>
    <paragraph>
        <end>2085</end>
        <start>2085</start>
    </paragraph>
    <paragraph>
        <end>2232</end>
        <start>2086</start>
    </paragraph>
    <paragraph>
        <end>2345</end>
        <start>2233</start>
    </paragraph>
    <paragraph>
        <end>2346</end>
        <start>2346</start>
    </paragraph>
    <paragraph>
        <end>2361</end>
        <start>2347</start>
    </paragraph>
    <paragraph>
        <end>2362</end>
        <start>2362</start>
    </paragraph>
    <portal>freedom-daily</portal>
    <quote>
        <end>12</end>
        <start>-1</start>
    </quote>
    <title>Thug Tells 2 Chicks “Act Like A Man, You’re Gonna Get Treated Like A Man” Then Does The Unthinkable! (VIDEO)</title>
    <uri>http://freedomdaily.com/thug-tells-2-chicks-act-like-man-youre-gonna-get-treated-like-man-unthinkable-video/</uri>
    <veracity>no factual content</veracity>
</article>
